Date,Henry Hub Daily Price
Feb-2018,2.85
Feb-2018,2.91
Feb-2018,3.06
Jan-2018,3.34
Jan-2018,3.6
Jan-2018,3.6
Jan-2018,3.58
Jan-2018,3.54
Jan-2018,3.54
Jan-2018,3.35
Jan-2018,3.13
Jan-2018,3.2
Jan-2018,3.92
Jan-2018,3.92
Jan-2018,5.46
Jan-2018,4.06
Jan-2018,3.16
Jan-2018,3.16
Jan-2018,2.93
Jan-2018,2.89
Jan-2018,
Jan-2018,4.65
Jan-2018,6.24
Jan-2018,6.24
Dec-2017,3.69
Dec-2017,2.97
Dec-2017,2.76
Dec-2017,2.68
Dec-2017,2.63
Dec-2017,2.64
Dec-2017,2.72
Dec-2017,2.75
Dec-2017,2.71
Dec-2017,2.6
Dec-2017,2.69
Dec-2017,2.87
Dec-2017,2.87
Dec-2017,2.81
Dec-2017,2.78
Dec-2017,2.81
Dec-2017,2.86
Dec-2017,2.86
Dec-2017,2.91
Dec-2017,2.84
Nov-2017,3.06
Nov-2017,3.06
Nov-2017,2.88
Nov-2017,2.88
Nov-2017,3.05
Nov-2017,3.05
Nov-2017,3.05
Nov-2017,3.05
Nov-2017,3.04
Nov-2017,3.04
Nov-2017,3.09
Nov-2017,3.16
Nov-2017,3.06
Nov-2017,3.13
Nov-2017,3.17
Nov-2017,3.18
Nov-2017,3.16
Nov-2017,3.07
Nov-2017,3.01
Nov-2017,2.75
Nov-2017,2.68
Nov-2017,2.68
Oct-2017,2.84
Oct-2017,2.94
Oct-2017,2.78
Oct-2017,2.91
Oct-2017,2.98
Oct-2017,2.95
Oct-2017,2.95
Oct-2017,2.8
Oct-2017,2.83
Oct-2017,2.81
Oct-2017,2.88
Oct-2017,2.87
Oct-2017,2.99
Oct-2017,2.95
Oct-2017,2.89
Oct-2017,2.89
Oct-2017,2.87
Oct-2017,2.93
Oct-2017,2.8
Oct-2017,2.8
Oct-2017,2.73
Oct-2017,2.94
Sep-2017,2.94
Sep-2017,2.96
Sep-2017,2.98
Sep-2017,2.96
Sep-2017,2.96
Sep-2017,2.93
Sep-2017,3.11
Sep-2017,3.13
Sep-2017,3.18
Sep-2017,3.11
Sep-2017,3
Sep-2017,3.03
Sep-2017,3.02
Sep-2017,2.88
Sep-2017,2.88
Sep-2017,2.88
Sep-2017,2.92
Sep-2017,2.98
Sep-2017,2.88
Sep-2017,2.88
Sep-2017,2.88
Aug-2017,2.92
Aug-2017,2.95
Aug-2017,2.95
Aug-2017,2.95
Aug-2017,2.93
Aug-2017,2.97
Aug-2017,2.94
Aug-2017,3
Aug-2017,3
Aug-2017,2.9
Aug-2017,2.91
Aug-2017,2.94
Aug-2017,2.96
Aug-2017,3.02
Aug-2017,2.96
Aug-2017,2.89
Aug-2017,2.81
Aug-2017,2.81
Aug-2017,2.8
Aug-2017,2.76
Aug-2017,2.76
Aug-2017,2.8
Aug-2017,2.8
Jul-2017,2.87
Jul-2017,2.96
Jul-2017,2.95
Jul-2017,2.92
Jul-2017,2.99
Jul-2017,2.99
Jul-2017,3.06
Jul-2017,3.12
Jul-2017,3.11
Jul-2017,3.11
Jul-2017,3.04
Jul-2017,2.94
Jul-2017,2.96
Jul-2017,3.01
Jul-2017,2.98
Jul-2017,2.92
Jul-2017,2.91
Jul-2017,2.89
Jul-2017,2.98
Jul-2017,2.98
Jul-2017,2.98
Jun-2017,2.98
Jun-2017,3.07
Jun-2017,3.03
Jun-2017,2.99
Jun-2017,2.98
Jun-2017,2.89
Jun-2017,2.88
Jun-2017,2.91
Jun-2017,2.91
Jun-2017,2.87
Jun-2017,3.01
Jun-2017,2.94
Jun-2017,2.95
Jun-2017,3.12
Jun-2017,3.12
Jun-2017,3.03
Jun-2017,2.98
Jun-2017,3.06
Jun-2017,2.92
Jun-2017,2.92
Jun-2017,2.85
Jun-2017,3.05
May-2017,3.05
May-2017,3.1
May-2017,3.1
May-2017,3.1
May-2017,3.1
May-2017,3.22
May-2017,3.22
May-2017,3.24
May-2017,3.11
May-2017,3.13
May-2017,3.27
May-2017,3.27
May-2017,3.26
May-2017,3.24
May-2017,3.23
May-2017,3.03
May-2017,3.03
May-2017,3.06
May-2017,3.1
May-2017,3.11
May-2017,3.14
May-2017,3.13
May-2017,3.2
Apr-2017,3.2
Apr-2017,3.13
Apr-2017,3.06
Apr-2017,2.99
Apr-2017,3.06
Apr-2017,3.06
Apr-2017,3.13
Apr-2017,3.11
Apr-2017,3.11
Apr-2017,3.09
Apr-2017,3
Apr-2017,3
Apr-2017,2.97
Apr-2017,3.11
Apr-2017,3.15
Apr-2017,3.23
Apr-2017,3.23
Apr-2017,3.22
Apr-2017,3.06
Apr-2017,3.13
Mar-2017,3.13
Mar-2017,3.08
Mar-2017,3.03
Mar-2017,2.95
Mar-2017,2.94
Mar-2017,2.97
Mar-2017,2.93
Mar-2017,3.02
Mar-2017,3.09
Mar-2017,2.93
Mar-2017,2.85
Mar-2017,2.84
Mar-2017,3.02
Mar-2017,3.02
Mar-2017,3.04
Mar-2017,2.98
Mar-2017,2.83
Mar-2017,2.59
Mar-2017,2.68
Mar-2017,2.68
Mar-2017,2.5
Mar-2017,2.59
Mar-2017,2.54
Feb-2017,2.54
Feb-2017,2.44
Feb-2017,2.63
Feb-2017,2.63
Feb-2017,2.52
Feb-2017,2.56
Feb-2017,2.75
Feb-2017,2.75
Feb-2017,2.88
Feb-2017,2.95
Feb-2017,2.85
Feb-2017,2.93
Feb-2017,3.11
Feb-2017,3.11
Feb-2017,3.05
Feb-2017,3.03
Feb-2017,2.92
Feb-2017,3.13
Feb-2017,3.13
Feb-2017,3.15
Jan-2017,3
Jan-2017,3.22
Jan-2017,3.31
Jan-2017,3.44
Jan-2017,3.26
Jan-2017,3.16
Jan-2017,3.16
Jan-2017,3.23
Jan-2017,3.25
Jan-2017,3.26
Jan-2017,3.37
Jan-2017,3.36
Jan-2017,3.36
Jan-2017,3.36
Jan-2017,3.27
Jan-2017,3.21
Jan-2017,3.14
Jan-2017,3.38
Jan-2017,3.42
Jan-2017,3.42
Jan-2017,3.41
Jan-2017,3.71
Dec-2016,3.71
Dec-2016,3.71
Dec-2016,3.7
Dec-2016,3.7
Dec-2016,3.6
Dec-2016,3.6
Dec-2016,3.5
Dec-2016,3.5
Dec-2016,3.39
Dec-2016,3.55
Dec-2016,3.51
Dec-2016,3.56
Dec-2016,3.55
Dec-2016,3.65
Dec-2016,3.6
Dec-2016,3.75
Dec-2016,3.68
Dec-2016,3.8
Dec-2016,3.75
Dec-2016,3.44
Dec-2016,3.44
Dec-2016,3.32
Nov-2016,3.32
Nov-2016,3.02
Nov-2016,2.96
Nov-2016,2.76
Nov-2016,2.76
Nov-2016,2.76
Nov-2016,2.73
Nov-2016,2.81
Nov-2016,2.6
Nov-2016,2.37
Nov-2016,2.49
Nov-2016,2.49
Nov-2016,2.26
Nov-2016,2.08
Nov-2016,2.08
Nov-2016,2.22
Nov-2016,2.34
Nov-2016,2.37
Nov-2016,2.2
Nov-2016,2.41
Nov-2016,2.53
Nov-2016,2.53
Oct-2016,2.85
Oct-2016,2.72
Oct-2016,2.72
Oct-2016,2.69
Oct-2016,2.69
Oct-2016,2.78
Oct-2016,2.92
Oct-2016,3.12
Oct-2016,3.18
Oct-2016,3.25
Oct-2016,3.21
Oct-2016,3.18
Oct-2016,3.16
Oct-2016,3.17
Oct-2016,3.17
Oct-2016,3.18
Oct-2016,3.02
Oct-2016,3.04
Oct-2016,2.83
Oct-2016,2.83
Oct-2016,2.84
Sep-2016,2.84
Sep-2016,2.98
Sep-2016,3.07
Sep-2016,3.09
Sep-2016,3.06
Sep-2016,3.06
Sep-2016,3.18
Sep-2016,3.19
Sep-2016,3.12
Sep-2016,3
Sep-2016,2.97
Sep-2016,2.98
Sep-2016,3.07
Sep-2016,3.04
Sep-2016,3.04
Sep-2016,2.93
Sep-2016,2.88
Sep-2016,2.77
Sep-2016,2.88
Sep-2016,2.88
Sep-2016,2.88
Sep-2016,2.95
Aug-2016,2.95
Aug-2016,2.95
Aug-2016,2.97
Aug-2016,2.91
Aug-2016,2.89
Aug-2016,2.82
Aug-2016,2.75
Aug-2016,2.75
Aug-2016,2.67
Aug-2016,2.75
Aug-2016,2.76
Aug-2016,2.75
Aug-2016,2.75
Aug-2016,2.7
Aug-2016,2.7
Aug-2016,2.76
Aug-2016,2.85
Aug-2016,2.85
Aug-2016,2.88
Aug-2016,2.89
Aug-2016,2.89
Aug-2016,2.79
Aug-2016,2.97
Jul-2016,2.97
Jul-2016,2.79
Jul-2016,2.84
Jul-2016,2.84
Jul-2016,2.8
Jul-2016,2.8
Jul-2016,2.76
Jul-2016,2.76
Jul-2016,2.83
Jul-2016,2.83
Jul-2016,2.7
Jul-2016,2.79
Jul-2016,2.81
Jul-2016,2.88
Jul-2016,2.88
Jul-2016,2.8
Jul-2016,2.78
Jul-2016,2.82
Jul-2016,2.82
Jul-2016,2.89
Jul-2016,2.89
Jun-2016,2.94
Jun-2016,2.94
Jun-2016,2.89
Jun-2016,2.79
Jun-2016,2.71
Jun-2016,2.69
Jun-2016,2.82
Jun-2016,2.79
Jun-2016,2.74
Jun-2016,2.59
Jun-2016,2.62
Jun-2016,2.62
Jun-2016,2.55
Jun-2016,2.55
Jun-2016,2.46
Jun-2016,2.34
Jun-2016,2.36
Jun-2016,2.32
Jun-2016,2.32
Jun-2016,2.31
Jun-2016,2.3
Jun-2016,2.25
May-2016,2.12
May-2016,1.77
May-2016,1.77
May-2016,1.77
May-2016,1.77
May-2016,1.91
May-2016,1.96
May-2016,1.81
May-2016,1.83
May-2016,1.91
May-2016,1.97
May-2016,1.91
May-2016,1.96
May-2016,2.01
May-2016,2.01
May-2016,2.01
May-2016,2.01
May-2016,1.86
May-2016,2.05
May-2016,2.03
May-2016,1.94
May-2016,1.91
Apr-2016,1.89
Apr-2016,1.88
Apr-2016,1.88
Apr-2016,1.97
Apr-2016,1.97
Apr-2016,1.92
Apr-2016,1.96
Apr-2016,1.94
Apr-2016,1.94
Apr-2016,1.76
Apr-2016,1.71
Apr-2016,1.93
Apr-2016,2.01
Apr-2016,1.97
Apr-2016,1.9
Apr-2016,1.99
Apr-2016,1.96
Apr-2016,1.91
Apr-2016,1.96
Apr-2016,1.96
Apr-2016,1.88
Mar-2016,1.98
Mar-2016,1.87
Mar-2016,1.77
Mar-2016,1.78
Mar-2016,1.78
Mar-2016,1.78
Mar-2016,1.79
Mar-2016,1.79
Mar-2016,1.79
Mar-2016,1.84
Mar-2016,1.84
Mar-2016,1.77
Mar-2016,1.81
Mar-2016,1.68
Mar-2016,1.74
Mar-2016,1.72
Mar-2016,1.61
Mar-2016,1.6
Mar-2016,1.56
Mar-2016,1.49
Mar-2016,1.59
Mar-2016,1.6
Mar-2016,1.57
Feb-2016,1.62
Feb-2016,1.78
Feb-2016,1.78
Feb-2016,1.85
Feb-2016,1.85
Feb-2016,1.86
Feb-2016,1.83
Feb-2016,1.89
Feb-2016,1.93
Feb-2016,1.95
Feb-2016,2.08
Feb-2016,2.08
Feb-2016,2.15
Feb-2016,2.16
Feb-2016,2.17
Feb-2016,2.23
Feb-2016,2.08
Feb-2016,2.07
Feb-2016,2.06
Feb-2016,2.07
Feb-2016,2.28
Jan-2016,2.28
Jan-2016,2.15
Jan-2016,2.26
Jan-2016,2.26
Jan-2016,2.16
Jan-2016,2.21
Jan-2016,2.22
Jan-2016,2.18
Jan-2016,2.23
Jan-2016,2.18
Jan-2016,2.18
Jan-2016,2.21
Jan-2016,2.28
Jan-2016,2.4
Jan-2016,2.54
Jan-2016,2.47
Jan-2016,2.35
Jan-2016,2.37
Jan-2016,2.33
Jan-2016,2.39
Jan-2016,2.28
Dec-2015,2.28
Dec-2015,2.28
Dec-2015,2.39
Dec-2015,2.11
Dec-2015,1.63
Dec-2015,1.63
Dec-2015,1.63
Dec-2015,1.73
Dec-2015,1.76
Dec-2015,1.74
Dec-2015,1.79
Dec-2015,1.7
Dec-2015,1.66
Dec-2015,1.7
Dec-2015,1.79
Dec-2015,1.95
Dec-2015,2
Dec-2015,2.01
Dec-2015,2.06
Dec-2015,2.1
Dec-2015,2.14
Dec-2015,2.19
Dec-2015,2.11
Nov-2015,2.11
Nov-2015,2.14
Nov-2015,2.14
Nov-2015,2.14
Nov-2015,2.14
Nov-2015,2.18
Nov-2015,2.18
Nov-2015,2.1
Nov-2015,2.1
Nov-2015,2.05
Nov-2015,2.02
Nov-2015,2.02
Nov-2015,2.05
Nov-2015,2.13
Nov-2015,2.14
Nov-2015,2.19
Nov-2015,2.19
Nov-2015,2.04
Nov-2015,2.04
Nov-2015,1.92
Nov-2015,1.92
Oct-2015,1.98
Oct-2015,2.15
Oct-2015,2.14
Oct-2015,2.14
Oct-2015,2.18
Oct-2015,2.28
Oct-2015,2.37
Oct-2015,2.37
Oct-2015,2.46
Oct-2015,2.43
Oct-2015,2.42
Oct-2015,2.54
Oct-2015,2.47
Oct-2015,2.47
Oct-2015,2.48
Oct-2015,2.49
Oct-2015,2.35
Oct-2015,2.35
Oct-2015,2.35
Oct-2015,2.34
Oct-2015,2.37
Oct-2015,2.37
Sep-2015,2.47
Sep-2015,2.57
Sep-2015,2.66
Sep-2015,2.6
Sep-2015,2.62
Sep-2015,2.62
Sep-2015,2.61
Sep-2015,2.61
Sep-2015,2.69
Sep-2015,2.69
Sep-2015,2.69
Sep-2015,2.74
Sep-2015,2.7
Sep-2015,2.67
Sep-2015,2.71
Sep-2015,2.74
Sep-2015,2.74
Sep-2015,2.67
Sep-2015,2.67
Sep-2015,2.67
Sep-2015,2.7
Sep-2015,2.7
Aug-2015,2.7
Aug-2015,2.69
Aug-2015,2.69
Aug-2015,2.73
Aug-2015,2.71
Aug-2015,2.65
Aug-2015,2.7
Aug-2015,2.77
Aug-2015,2.77
Aug-2015,2.71
Aug-2015,2.79
Aug-2015,2.83
Aug-2015,2.93
Aug-2015,2.93
Aug-2015,2.84
Aug-2015,2.85
Aug-2015,2.76
Aug-2015,2.76
Aug-2015,2.85
Aug-2015,2.83
Aug-2015,2.76
Jul-2015,2.76
Jul-2015,2.87
Jul-2015,2.91
Jul-2015,2.89
Jul-2015,2.92
Jul-2015,2.92
Jul-2015,2.92
Jul-2015,2.84
Jul-2015,2.84
Jul-2015,2.88
Jul-2015,2.88
Jul-2015,2.9
Jul-2015,2.93
Jul-2015,2.88
Jul-2015,2.88
Jul-2015,2.7
Jul-2015,2.7
Jul-2015,2.77
Jul-2015,2.77
Jul-2015,2.79
Jul-2015,2.79
Jul-2015,2.79
Jul-2015,2.78
Jun-2015,2.8
Jun-2015,2.77
Jun-2015,2.77
Jun-2015,2.8
Jun-2015,2.83
Jun-2015,2.83
Jun-2015,2.79
Jun-2015,2.81
Jun-2015,2.93
Jun-2015,2.93
Jun-2015,2.94
Jun-2015,2.89
Jun-2015,2.88
Jun-2015,2.88
Jun-2015,2.81
Jun-2015,2.72
Jun-2015,2.6
Jun-2015,2.6
Jun-2015,2.6
Jun-2015,2.65
Jun-2015,2.63
Jun-2015,2.78
May-2015,2.78
May-2015,2.78
May-2015,2.82
May-2015,2.82
May-2015,2.96
May-2015,2.96
May-2015,3.04
May-2015,3.01
May-2015,3.01
May-2015,2.96
May-2015,2.87
May-2015,2.85
May-2015,2.85
May-2015,2.85
May-2015,2.78
May-2015,2.74
May-2015,2.76
May-2015,2.76
May-2015,2.72
May-2015,2.68
Apr-2015,2.56
Apr-2015,2.55
Apr-2015,2.55
Apr-2015,2.5
Apr-2015,2.59
Apr-2015,2.59
Apr-2015,2.63
Apr-2015,2.59
Apr-2015,2.57
Apr-2015,2.67
Apr-2015,2.61
Apr-2015,2.62
Apr-2015,2.58
Apr-2015,2.58
Apr-2015,2.58
Apr-2015,2.72
Apr-2015,2.71
Apr-2015,2.71
Apr-2015,2.63
Apr-2015,2.63
Apr-2015,2.62
Mar-2015,2.65
Mar-2015,2.64
Mar-2015,2.89
Mar-2015,2.77
Mar-2015,2.77
Mar-2015,2.79
Mar-2015,2.72
Mar-2015,2.86
Mar-2015,2.86
Mar-2015,2.8
Mar-2015,2.82
Mar-2015,2.68
Mar-2015,2.72
Mar-2015,2.82
Mar-2015,2.76
Mar-2015,2.76
Mar-2015,2.75
Mar-2015,2.89
Mar-2015,3.27
Mar-2015,3.27
Mar-2015,3
Mar-2015,2.79
Feb-2015,2.79
Feb-2015,3.21
Feb-2015,3.21
Feb-2015,3.22
Feb-2015,3.22
Feb-2015,3.02
Feb-2015,2.92
Feb-2015,2.92
Feb-2015,2.75
Feb-2015,2.75
Feb-2015,2.86
Feb-2015,2.86
Feb-2015,2.67
Feb-2015,2.62
Feb-2015,2.66
Feb-2015,2.66
Feb-2015,2.73
Feb-2015,2.67
Feb-2015,2.88
Jan-2015,2.88
Jan-2015,2.88
Jan-2015,2.89
Jan-2015,2.96
Jan-2015,2.92
Jan-2015,2.96
Jan-2015,2.95
Jan-2015,2.94
Jan-2015,2.94
Jan-2015,3.11
Jan-2015,3.32
Jan-2015,3.15
Jan-2015,2.92
Jan-2015,2.9
Jan-2015,2.96
Jan-2015,2.92
Jan-2015,3.08
Jan-2015,2.98
Jan-2015,3.22
Jan-2015,3.01
Dec-2014,3.14
Dec-2014,3.14
Dec-2014,3.07
Dec-2014,2.74
Dec-2014,2.99
Dec-2014,2.99
Dec-2014,3.05
Dec-2014,3.71
Dec-2014,3.71
Dec-2014,3.72
Dec-2014,3.58
Dec-2014,3.72
Dec-2014,3.91
Dec-2014,3.68
Dec-2014,3.65
Dec-2014,3.63
Dec-2014,3.42
Dec-2014,3.42
Dec-2014,3.63
Dec-2014,3.63
Dec-2014,3.77
Dec-2014,4.3
Nov-2014,4.3
Nov-2014,4.15
Nov-2014,4.09
Nov-2014,4.09
Nov-2014,4.32
Nov-2014,4.41
Nov-2014,4.41
Nov-2014,4.33
Nov-2014,4.26
Nov-2014,4.05
Nov-2014,4.2
Nov-2014,4.2
Nov-2014,4.18
Nov-2014,4.18
Nov-2014,3.92
Nov-2014,3.92
Nov-2014,3.83
Nov-2014,3.67
Nov-2014,3.82
Oct-2014,3.82
Oct-2014,3.76
Oct-2014,3.6
Oct-2014,3.53
Oct-2014,3.56
Oct-2014,3.53
Oct-2014,3.6
Oct-2014,3.69
Oct-2014,3.62
Oct-2014,3.69
Oct-2014,3.73
Oct-2014,3.8
Oct-2014,3.81
Oct-2014,3.91
Oct-2014,3.87
Oct-2014,3.86
Oct-2014,3.87
Oct-2014,3.88
Oct-2014,3.88
Oct-2014,3.89
Oct-2014,3.94
Oct-2014,4
Oct-2014,4.14
Sep-2014,4.14
Sep-2014,3.89
Sep-2014,3.89
Sep-2014,3.89
Sep-2014,3.84
Sep-2014,3.9
Sep-2014,3.88
Sep-2014,3.99
Sep-2014,3.99
Sep-2014,3.97
Sep-2014,3.85
Sep-2014,3.92
Sep-2014,3.82
Sep-2014,3.94
Sep-2014,3.98
Sep-2014,3.93
Sep-2014,3.86
Sep-2014,3.86
Sep-2014,3.91
Sep-2014,3.94
Sep-2014,4.01
Aug-2014,4.04
Aug-2014,4.06
Aug-2014,4.02
Aug-2014,3.99
Aug-2014,3.94
Aug-2014,3.88
Aug-2014,3.88
Aug-2014,3.88
Aug-2014,3.84
Aug-2014,3.78
Aug-2014,3.8
Aug-2014,3.85
Aug-2014,3.9
Aug-2014,3.94
Aug-2014,4
Aug-2014,3.94
Aug-2014,3.99
Aug-2014,3.92
Aug-2014,3.87
Aug-2014,3.87
Aug-2014,3.77
Jul-2014,3.78
Jul-2014,3.78
Jul-2014,3.79
Jul-2014,3.84
Jul-2014,3.86
Jul-2014,3.83
Jul-2014,3.83
Jul-2014,3.81
Jul-2014,3.87
Jul-2014,4.08
Jul-2014,4.04
Jul-2014,4.16
Jul-2014,4.13
Jul-2014,4.13
Jul-2014,4.13
Jul-2014,4.15
Jul-2014,4.17
Jul-2014,4.18
Jul-2014,4.31
Jul-2014,4.31
Jul-2014,4.47
Jul-2014,4.47
Jun-2014,4.39
Jun-2014,4.39
Jun-2014,4.58
Jun-2014,4.58
Jun-2014,4.49
Jun-2014,4.53
Jun-2014,4.53
Jun-2014,4.67
Jun-2014,4.68
Jun-2014,4.68
Jun-2014,4.71
Jun-2014,4.7
Jun-2014,4.51
Jun-2014,4.51
Jun-2014,4.67
Jun-2014,4.67
Jun-2014,4.66
Jun-2014,4.66
Jun-2014,4.62
Jun-2014,4.62
Jun-2014,4.49
May-2014,4.49
May-2014,4.63
May-2014,4.56
May-2014,4.4
May-2014,4.4
May-2014,4.57
May-2014,4.57
May-2014,4.53
May-2014,4.54
May-2014,4.42
May-2014,4.42
May-2014,4.47
May-2014,4.47
May-2014,4.52
May-2014,4.59
May-2014,4.77
May-2014,4.82
May-2014,4.8
May-2014,4.73
May-2014,4.73
May-2014,4.79
Apr-2014,4.79
Apr-2014,4.78
Apr-2014,4.72
Apr-2014,4.83
Apr-2014,4.81
Apr-2014,4.81
Apr-2014,4.76
Apr-2014,4.76
Apr-2014,4.64
Apr-2014,4.64
Apr-2014,4.69
Apr-2014,4.64
Apr-2014,4.67
Apr-2014,4.67
Apr-2014,4.67
Apr-2014,4.57
Apr-2014,4.58
Apr-2014,4.49
Apr-2014,4.51
Apr-2014,4.39
Apr-2014,4.39
Mar-2014,4.48
Mar-2014,4.5
Mar-2014,4.39
Mar-2014,4.44
Mar-2014,4.53
Mar-2014,4.42
Mar-2014,4.33
Mar-2014,4.39
Mar-2014,4.43
Mar-2014,4.42
Mar-2014,4.57
Mar-2014,4.4
Mar-2014,4.41
Mar-2014,4.72
Mar-2014,4.67
Mar-2014,4.67
Mar-2014,4.78
Mar-2014,4.89
Mar-2014,6.46
Mar-2014,7.98
Mar-2014,7.09
Feb-2014,4.8
Feb-2014,4.61
Feb-2014,4.81
Feb-2014,5.21
Feb-2014,6.08
Feb-2014,6.24
Feb-2014,5.96
Feb-2014,6
Feb-2014,5.8
Feb-2014,5.54
Feb-2014,5.34
Feb-2014,5.96
Feb-2014,7.75
Feb-2014,8.15
Feb-2014,5.92
Feb-2014,6.9
Feb-2014,8.12
Feb-2014,5.78
Feb-2014,5.04
Jan-2014,5.04
Jan-2014,5.27
Jan-2014,5.23
Jan-2014,5.25
Jan-2014,5.66
Jan-2014,5.17
Jan-2014,5.64
Jan-2014,4.92
Jan-2014,4.61
Jan-2014,4.39
Jan-2014,4.55
Jan-2014,4.45
Jan-2014,4.36
Jan-2014,4.19
Jan-2014,3.95
Jan-2014,4.15
Jan-2014,4.36
Jan-2014,4.58
Jan-2014,4.5
Jan-2014,4.39
Jan-2014,4.32
Dec-2013,4.31
Dec-2013,4.41
Dec-2013,4.34
Dec-2013,4.4
Dec-2013,4.52
Dec-2013,4.52
Dec-2013,4.35
Dec-2013,4.25
Dec-2013,4.25
Dec-2013,4.2
Dec-2013,4.21
Dec-2013,4.44
Dec-2013,4.4
Dec-2013,4.24
Dec-2013,4.24
Dec-2013,4.24
Dec-2013,4.15
Dec-2013,3.97
Dec-2013,3.89
Dec-2013,3.84
Dec-2013,3.85
Nov-2013,3.87
Nov-2013,3.87
Nov-2013,3.87
Nov-2013,3.85
Nov-2013,3.78
Nov-2013,3.68
Nov-2013,3.63
Nov-2013,3.63
Nov-2013,3.71
Nov-2013,3.56
Nov-2013,3.52
Nov-2013,3.69
Nov-2013,3.69
Nov-2013,3.62
Nov-2013,3.54
Nov-2013,3.59
Nov-2013,3.46
Nov-2013,3.37
Nov-2013,3.38
Nov-2013,3.45
Oct-2013,3.57
Oct-2013,3.55
Oct-2013,3.57
Oct-2013,3.61
Oct-2013,3.69
Oct-2013,3.65
Oct-2013,3.66
Oct-2013,3.7
Oct-2013,3.77
Oct-2013,3.72
Oct-2013,3.75
Oct-2013,3.84
Oct-2013,3.83
Oct-2013,3.82
Oct-2013,3.74
Oct-2013,3.74
Oct-2013,3.7
Oct-2013,3.72
Oct-2013,3.62
Oct-2013,3.57
Oct-2013,3.58
Oct-2013,3.63
Oct-2013,3.56
Sep-2013,3.48
Sep-2013,3.51
Sep-2013,3.49
Sep-2013,3.52
Sep-2013,3.59
Sep-2013,3.66
Sep-2013,3.68
Sep-2013,3.73
Sep-2013,3.72
Sep-2013,3.77
Sep-2013,3.64
Sep-2013,3.6
Sep-2013,3.57
Sep-2013,3.6
Sep-2013,3.65
Sep-2013,3.62
Sep-2013,3.55
Sep-2013,3.7
Sep-2013,3.68
Sep-2013,3.64
Aug-2013,3.57
Aug-2013,3.58
Aug-2013,3.54
Aug-2013,3.5
Aug-2013,3.55
Aug-2013,3.5
Aug-2013,3.52
Aug-2013,3.51
Aug-2013,3.48
Aug-2013,3.46
Aug-2013,3.35
Aug-2013,3.34
Aug-2013,3.36
Aug-2013,3.34
Aug-2013,3.34
Aug-2013,3.32
Aug-2013,3.27
Aug-2013,3.32
Aug-2013,3.35
Aug-2013,3.33
Aug-2013,3.39
Aug-2013,3.44
Jul-2013,3.46
Jul-2013,3.48
Jul-2013,3.49
Jul-2013,3.59
Jul-2013,3.68
Jul-2013,3.7
Jul-2013,3.68
Jul-2013,3.71
Jul-2013,3.78
Jul-2013,3.66
Jul-2013,3.67
Jul-2013,3.69
Jul-2013,3.67
Jul-2013,3.61
Jul-2013,3.64
Jul-2013,3.69
Jul-2013,3.69
Jul-2013,3.65
Jul-2013,3.52
Jul-2013,3.54
Jul-2013,3.58
Jul-2013,3.52
Jun-2013,3.57
Jun-2013,3.73
Jun-2013,3.72
Jun-2013,3.77
Jun-2013,3.81
Jun-2013,3.85
Jun-2013,3.9
Jun-2013,3.93
Jun-2013,3.9
Jun-2013,3.78
Jun-2013,3.76
Jun-2013,3.73
Jun-2013,3.74
Jun-2013,3.77
Jun-2013,3.85
Jun-2013,3.79
Jun-2013,3.93
Jun-2013,3.99
Jun-2013,4
Jun-2013,4
May-2013,4.02
May-2013,4.12
May-2013,4.15
May-2013,4.19
May-2013,4.15
May-2013,4.15
May-2013,4.16
May-2013,4.13
May-2013,4.1
May-2013,3.89
May-2013,4.01
May-2013,4.03
May-2013,3.93
May-2013,3.87
May-2013,3.9
May-2013,3.87
May-2013,3.86
May-2013,3.88
May-2013,3.93
May-2013,3.98
May-2013,4.28
May-2013,4.31
Apr-2013,4.3
Apr-2013,4.28
Apr-2013,4.16
Apr-2013,4.19
Apr-2013,4.25
Apr-2013,4.27
Apr-2013,4.33
Apr-2013,4.38
Apr-2013,4.23
Apr-2013,4.24
Apr-2013,4.19
Apr-2013,4.23
Apr-2013,4.21
Apr-2013,4.11
Apr-2013,4.07
Apr-2013,4.08
Apr-2013,4.18
Apr-2013,3.98
Apr-2013,3.94
Apr-2013,4
Apr-2013,4.07
Apr-2013,3.97
Mar-2013,4.03
Mar-2013,4.08
Mar-2013,3.99
Mar-2013,4.08
Mar-2013,4.01
Mar-2013,4.01
Mar-2013,3.97
Mar-2013,3.96
Mar-2013,3.98
Mar-2013,3.89
Mar-2013,3.74
Mar-2013,3.72
Mar-2013,3.71
Mar-2013,3.64
Mar-2013,3.57
Mar-2013,3.54
Mar-2013,3.57
Mar-2013,3.63
Mar-2013,3.53
Mar-2013,3.54
Feb-2013,3.48
Feb-2013,3.49
Feb-2013,3.46
Feb-2013,3.42
Feb-2013,3.27
Feb-2013,3.29
Feb-2013,3.34
Feb-2013,3.23
Feb-2013,3.19
Feb-2013,3.3
Feb-2013,3.29
Feb-2013,3.3
Feb-2013,3.2
Feb-2013,3.26
Feb-2013,3.39
Feb-2013,3.41
Feb-2013,3.34
Feb-2013,3.27
Feb-2013,3.34
Jan-2013,3.33
Jan-2013,3.24
Jan-2013,3.14
Jan-2013,3.25
Jan-2013,3.42
Jan-2013,3.56
Jan-2013,3.53
Jan-2013,3.63
Jan-2013,3.54
Jan-2013,3.44
Jan-2013,3.43
Jan-2013,3.4
Jan-2013,3.39
Jan-2013,3.18
Jan-2013,3.08
Jan-2013,3.14
Jan-2013,3.21
Jan-2013,3.3
Jan-2013,3.2
Jan-2013,3.19
Jan-2013,3.3
Dec-2012,3.43
Dec-2012,3.4
Dec-2012,3.31
Dec-2012,3.35
Dec-2012,3.3
Dec-2012,3.42
Dec-2012,3.35
Dec-2012,3.25
Dec-2012,3.29
Dec-2012,3.2
Dec-2012,3.15
Dec-2012,3.27
Dec-2012,3.33
Dec-2012,3.39
Dec-2012,3.35
Dec-2012,3.33
Dec-2012,3.48
Dec-2012,3.41
Dec-2012,3.38
Dec-2012,3.44
Nov-2012,3.46
Nov-2012,3.61
Nov-2012,3.71
Nov-2012,3.77
Nov-2012,3.75
Nov-2012,3.59
Nov-2012,3.59
Nov-2012,3.62
Nov-2012,3.63
Nov-2012,3.46
Nov-2012,3.63
Nov-2012,3.66
Nov-2012,3.57
Nov-2012,3.4
Nov-2012,3.33
Nov-2012,3.45
Nov-2012,3.47
Nov-2012,3.41
Nov-2012,3.34
Nov-2012,3.4
Nov-2012,3.5
Oct-2012,3.5
Oct-2012,3.42
Oct-2012,3.4
Oct-2012,3.38
Oct-2012,3.39
Oct-2012,3.43
Oct-2012,3.34
Oct-2012,3.49
Oct-2012,3.43
Oct-2012,3.28
Oct-2012,3.24
Oct-2012,3.27
Oct-2012,3.35
Oct-2012,3.38
Oct-2012,3.28
Oct-2012,3.26
Oct-2012,3.18
Oct-2012,3.18
Oct-2012,3.26
Oct-2012,3.23
Oct-2012,3.21
Oct-2012,3.21
Oct-2012,3.19
Sep-2012,3.08
Sep-2012,3.01
Sep-2012,2.92
Sep-2012,2.84
Sep-2012,2.82
Sep-2012,2.76
Sep-2012,2.76
Sep-2012,2.7
Sep-2012,2.74
Sep-2012,2.83
Sep-2012,2.94
Sep-2012,3.01
Sep-2012,2.96
Sep-2012,2.82
Sep-2012,2.66
Sep-2012,2.73
Sep-2012,2.85
Sep-2012,2.87
Sep-2012,2.81
Aug-2012,2.72
Aug-2012,2.72
Aug-2012,2.64
Aug-2012,2.71
Aug-2012,2.8
Aug-2012,2.81
Aug-2012,2.81
Aug-2012,2.8
Aug-2012,2.8
Aug-2012,2.75
Aug-2012,2.7
Aug-2012,2.78
Aug-2012,2.82
Aug-2012,2.79
Aug-2012,2.77
Aug-2012,2.84
Aug-2012,2.89
Aug-2012,2.97
Aug-2012,2.99
Aug-2012,2.9
Aug-2012,2.91
Aug-2012,3.16
Aug-2012,3.2
Jul-2012,3.2
Jul-2012,3.14
Jul-2012,3.1
Jul-2012,3.13
Jul-2012,3.19
Jul-2012,3.16
Jul-2012,3.05
Jul-2012,3.03
Jul-2012,2.99
Jul-2012,2.84
Jul-2012,2.83
Jul-2012,2.92
Jul-2012,2.88
Jul-2012,2.83
Jul-2012,2.72
Jul-2012,2.87
Jul-2012,2.79
Jul-2012,2.94
Jul-2012,2.9
Jul-2012,2.78
Jul-2012,2.73
Jun-2012,2.74
Jun-2012,2.81
Jun-2012,2.87
Jun-2012,2.7
Jun-2012,2.7
Jun-2012,2.5
Jun-2012,2.48
Jun-2012,2.6
Jun-2012,2.59
Jun-2012,2.45
Jun-2012,2.44
Jun-2012,2.2
Jun-2012,2.18
Jun-2012,2.17
Jun-2012,2.22
Jun-2012,2.22
Jun-2012,2.33
Jun-2012,2.41
Jun-2012,2.39
Jun-2012,2.32
Jun-2012,2.24
May-2012,2.34
May-2012,2.39
May-2012,2.5
May-2012,2.56
May-2012,2.66
May-2012,2.6
May-2012,2.55
May-2012,2.6
May-2012,2.56
May-2012,2.6
May-2012,2.5
May-2012,2.38
May-2012,2.41
May-2012,2.37
May-2012,2.36
May-2012,2.36
May-2012,2.27
May-2012,2.3
May-2012,2.3
May-2012,2.29
May-2012,2.31
May-2012,2.29
Apr-2012,2.1
Apr-2012,2.05
Apr-2012,2.1
Apr-2012,1.99
Apr-2012,1.97
Apr-2012,1.89
Apr-2012,1.82
Apr-2012,1.85
Apr-2012,1.87
Apr-2012,1.89
Apr-2012,1.88
Apr-2012,1.87
Apr-2012,1.87
Apr-2012,1.91
Apr-2012,1.99
Apr-2012,1.99
Apr-2012,1.98
Apr-2012,2.06
Apr-2012,1.94
Apr-2012,1.88
Mar-2012,2
Mar-2012,2.02
Mar-2012,2.05
Mar-2012,2.09
Mar-2012,2.16
Mar-2012,2.07
Mar-2012,2.19
Mar-2012,2.21
Mar-2012,2.19
Mar-2012,2.14
Mar-2012,2.01
Mar-2012,2.07
Mar-2012,2.13
Mar-2012,2.15
Mar-2012,2.17
Mar-2012,2.21
Mar-2012,2.24
Mar-2012,2.24
Mar-2012,2.3
Mar-2012,2.31
Mar-2012,2.38
Mar-2012,2.45
Feb-2012,2.44
Feb-2012,2.44
Feb-2012,2.55
Feb-2012,2.6
Feb-2012,2.68
Feb-2012,2.6
Feb-2012,2.63
Feb-2012,2.67
Feb-2012,2.47
Feb-2012,2.54
Feb-2012,2.48
Feb-2012,2.42
Feb-2012,2.51
Feb-2012,2.5
Feb-2012,2.48
Feb-2012,2.6
Feb-2012,2.46
Feb-2012,2.4
Feb-2012,2.3
Feb-2012,2.32
Jan-2012,2.51
Jan-2012,2.71
Jan-2012,2.59
Jan-2012,2.68
Jan-2012,2.61
Jan-2012,2.6
Jan-2012,2.39
Jan-2012,2.23
Jan-2012,2.36
Jan-2012,2.49
Jan-2012,2.51
Jan-2012,2.67
Jan-2012,2.7
Jan-2012,2.81
Jan-2012,2.97
Jan-2012,2.89
Jan-2012,2.85
Jan-2012,2.91
Jan-2012,2.96
Jan-2012,2.97
Dec-2011,2.98
Dec-2011,3.03
Dec-2011,3.07
Dec-2011,3.09
Dec-2011,2.97
Dec-2011,3.08
Dec-2011,3.05
Dec-2011,3.06
Dec-2011,3.03
Dec-2011,3.01
Dec-2011,3.05
Dec-2011,3.08
Dec-2011,3.12
Dec-2011,3.13
Dec-2011,3.29
Dec-2011,3.42
Dec-2011,3.45
Dec-2011,3.43
Dec-2011,3.38
Dec-2011,3.35
Dec-2011,3.49
Nov-2011,3.53
Nov-2011,3.39
Nov-2011,3.09
Nov-2011,2.84
Nov-2011,2.84
Nov-2011,3.06
Nov-2011,2.94
Nov-2011,3.01
Nov-2011,3.11
Nov-2011,3.11
Nov-2011,3.12
Nov-2011,3.17
Nov-2011,3.29
Nov-2011,3.48
Nov-2011,3.55
Nov-2011,3.42
Nov-2011,3.35
Nov-2011,3.44
Nov-2011,3.39
Nov-2011,3.39
Nov-2011,3.49
Oct-2011,3.66
Oct-2011,3.63
Oct-2011,3.59
Oct-2011,3.65
Oct-2011,3.62
Oct-2011,3.61
Oct-2011,3.54
Oct-2011,3.61
Oct-2011,3.59
Oct-2011,3.63
Oct-2011,3.72
Oct-2011,3.49
Oct-2011,3.42
Oct-2011,3.54
Oct-2011,3.52
Oct-2011,3.41
Oct-2011,3.4
Oct-2011,3.49
Oct-2011,3.63
Oct-2011,3.56
Oct-2011,3.57
Sep-2011,3.68
Sep-2011,3.77
Sep-2011,3.88
Sep-2011,3.92
Sep-2011,3.8
Sep-2011,3.74
Sep-2011,3.72
Sep-2011,3.78
Sep-2011,3.84
Sep-2011,3.78
Sep-2011,3.84
Sep-2011,4.04
Sep-2011,4.01
Sep-2011,3.96
Sep-2011,3.92
Sep-2011,3.96
Sep-2011,3.99
Sep-2011,3.96
Sep-2011,3.93
Sep-2011,4.12
Sep-2011,4.18
Aug-2011,3.97
Aug-2011,3.85
Aug-2011,3.93
Aug-2011,3.96
Aug-2011,4.01
Aug-2011,4.1
Aug-2011,4.01
Aug-2011,3.97
Aug-2011,3.99
Aug-2011,3.98
Aug-2011,3.98
Aug-2011,4.03
Aug-2011,4.05
Aug-2011,4.17
Aug-2011,4.06
Aug-2011,4.09
Aug-2011,4.06
Aug-2011,4
Aug-2011,4
Aug-2011,4.2
Aug-2011,4.26
Aug-2011,4.3
Aug-2011,4.29
Jul-2011,4.26
Jul-2011,4.41
Jul-2011,4.46
Jul-2011,4.43
Jul-2011,4.45
Jul-2011,4.46
Jul-2011,4.58
Jul-2011,4.64
Jul-2011,4.6
Jul-2011,4.6
Jul-2011,4.49
Jul-2011,4.42
Jul-2011,4.43
Jul-2011,4.38
Jul-2011,4.35
Jul-2011,4.19
Jul-2011,4.25
Jul-2011,4.34
Jul-2011,4.4
Jul-2011,4.33
Jun-2011,4.28
Jun-2011,4.4
Jun-2011,4.34
Jun-2011,4.25
Jun-2011,4.2
Jun-2011,4.31
Jun-2011,4.42
Jun-2011,4.37
Jun-2011,4.33
Jun-2011,4.39
Jun-2011,4.54
Jun-2011,4.53
Jun-2011,4.59
Jun-2011,4.75
Jun-2011,4.72
Jun-2011,4.92
Jun-2011,4.83
Jun-2011,4.83
Jun-2011,4.83
Jun-2011,4.72
Jun-2011,4.64
Jun-2011,4.62
May-2011,4.63
May-2011,4.36
May-2011,4.37
May-2011,4.36
May-2011,4.37
May-2011,4.27
May-2011,4.05
May-2011,4.1
May-2011,4.15
May-2011,4.25
May-2011,4.21
May-2011,4.09
May-2011,4.1
May-2011,4.23
May-2011,4.19
May-2011,4.28
May-2011,4.24
May-2011,4.49
May-2011,4.59
May-2011,4.6
May-2011,4.6
Apr-2011,4.51
Apr-2011,4.38
Apr-2011,4.35
Apr-2011,4.32
Apr-2011,4.37
Apr-2011,4.33
Apr-2011,4.33
Apr-2011,4.19
Apr-2011,4.23
Apr-2011,4.21
Apr-2011,4.12
Apr-2011,4.14
Apr-2011,4.08
Apr-2011,4.05
Apr-2011,4.05
Apr-2011,4.12
Apr-2011,4.17
Apr-2011,4.22
Apr-2011,4.21
Apr-2011,4.32
Mar-2011,4.32
Mar-2011,4.25
Mar-2011,4.27
Mar-2011,4.35
Mar-2011,4.13
Mar-2011,4.27
Mar-2011,4.18
Mar-2011,4.05
Mar-2011,3.99
Mar-2011,3.98
Mar-2011,3.85
Mar-2011,3.86
Mar-2011,3.81
Mar-2011,3.9
Mar-2011,3.78
Mar-2011,3.87
Mar-2011,3.81
Mar-2011,3.83
Mar-2011,3.73
Mar-2011,3.7
Mar-2011,3.75
Mar-2011,3.79
Mar-2011,3.93
Feb-2011,3.93
Feb-2011,3.81
Feb-2011,3.83
Feb-2011,3.83
Feb-2011,3.89
Feb-2011,3.84
Feb-2011,3.9
Feb-2011,3.93
Feb-2011,3.92
Feb-2011,3.89
Feb-2011,3.96
Feb-2011,4.11
Feb-2011,4.22
Feb-2011,4.24
Feb-2011,4.32
Feb-2011,4.48
Feb-2011,4.69
Feb-2011,4.55
Feb-2011,4.42
Jan-2011,4.42
Jan-2011,4.27
Jan-2011,4.41
Jan-2011,4.4
Jan-2011,4.46
Jan-2011,4.72
Jan-2011,4.72
Jan-2011,4.57
Jan-2011,4.48
Jan-2011,4.52
Jan-2011,4.38
Jan-2011,4.48
Jan-2011,4.55
Jan-2011,4.42
Jan-2011,4.49
Jan-2011,4.42
Jan-2011,4.49
Jan-2011,4.52
Jan-2011,4.61
Jan-2011,4.54
Dec-2010,4.22
Dec-2010,4.22
Dec-2010,4.19
Dec-2010,4.1
Dec-2010,4.05
Dec-2010,4.08
Dec-2010,4.01
Dec-2010,4.17
Dec-2010,4.1
Dec-2010,3.99
Dec-2010,4.19
Dec-2010,4.22
Dec-2010,4.35
Dec-2010,4.55
Dec-2010,4.37
Dec-2010,4.52
Dec-2010,4.47
Dec-2010,4.48
Dec-2010,4.47
Dec-2010,4.23
Dec-2010,4.28
Dec-2010,4.21
Nov-2010,4.16
Nov-2010,4.12
Nov-2010,3.82
Nov-2010,3.82
Nov-2010,3.93
Nov-2010,4.02
Nov-2010,3.79
Nov-2010,3.89
Nov-2010,3.77
Nov-2010,3.66
Nov-2010,3.56
Nov-2010,3.5
Nov-2010,3.73
Nov-2010,4
Nov-2010,3.76
Nov-2010,3.49
Nov-2010,3.47
Nov-2010,3.53
Nov-2010,3.35
Nov-2010,3.2
Nov-2010,3.42
Oct-2010,3.36
Oct-2010,3.36
Oct-2010,3.37
Oct-2010,3.28
Oct-2010,3.18
Oct-2010,3.19
Oct-2010,3.46
Oct-2010,3.46
Oct-2010,3.36
Oct-2010,3.36
Oct-2010,3.47
Oct-2010,3.58
Oct-2010,3.58
Oct-2010,3.4
Oct-2010,3.43
Oct-2010,3.36
Oct-2010,3.62
Oct-2010,3.56
Oct-2010,3.51
Oct-2010,3.56
Oct-2010,3.67
Sep-2010,3.85
Sep-2010,3.81
Sep-2010,3.8
Sep-2010,3.8
Sep-2010,3.97
Sep-2010,4.08
Sep-2010,4.02
Sep-2010,3.95
Sep-2010,4.01
Sep-2010,4.11
Sep-2010,4.09
Sep-2010,4.06
Sep-2010,3.98
Sep-2010,3.83
Sep-2010,3.79
Sep-2010,3.79
Sep-2010,3.81
Sep-2010,3.82
Sep-2010,3.74
Sep-2010,3.74
Sep-2010,3.73
Aug-2010,3.8
Aug-2010,3.77
Aug-2010,3.75
Aug-2010,3.85
Aug-2010,3.99
Aug-2010,4.07
Aug-2010,4.12
Aug-2010,4.19
Aug-2010,4.29
Aug-2010,4.35
Aug-2010,4.28
Aug-2010,4.37
Aug-2010,4.35
Aug-2010,4.42
Aug-2010,4.38
Aug-2010,4.43
Aug-2010,4.52
Aug-2010,4.67
Aug-2010,4.84
Aug-2010,4.77
Aug-2010,4.78
Aug-2010,4.94
Jul-2010,4.81
Jul-2010,4.8
Jul-2010,4.75
Jul-2010,4.72
Jul-2010,4.65
Jul-2010,4.69
Jul-2010,4.67
Jul-2010,4.7
Jul-2010,4.59
Jul-2010,4.56
Jul-2010,4.68
Jul-2010,4.43
Jul-2010,4.39
Jul-2010,4.46
Jul-2010,4.42
Jul-2010,4.36
Jul-2010,4.61
Jul-2010,4.76
Jul-2010,4.85
Jul-2010,4.72
Jul-2010,4.54
Jun-2010,4.53
Jun-2010,4.68
Jun-2010,4.85
Jun-2010,4.84
Jun-2010,4.88
Jun-2010,4.9
Jun-2010,4.87
Jun-2010,5.15
Jun-2010,5.17
Jun-2010,5.14
Jun-2010,5.13
Jun-2010,5.11
Jun-2010,4.94
Jun-2010,4.68
Jun-2010,4.68
Jun-2010,4.75
Jun-2010,4.89
Jun-2010,4.67
Jun-2010,4.6
Jun-2010,4.46
Jun-2010,4.32
Jun-2010,4.39
May-2010,4.31
May-2010,4.22
May-2010,4.19
May-2010,4.08
May-2010,4.08
May-2010,4.12
May-2010,4.12
May-2010,4.28
May-2010,4.42
May-2010,4.34
May-2010,4.27
May-2010,4.26
May-2010,4.18
May-2010,4.15
May-2010,4.08
May-2010,3.91
May-2010,3.97
May-2010,4
May-2010,3.96
May-2010,3.86
Apr-2010,3.94
Apr-2010,4.24
Apr-2010,4.19
Apr-2010,4.18
Apr-2010,4.23
Apr-2010,4.07
Apr-2010,3.95
Apr-2010,3.96
Apr-2010,3.93
Apr-2010,4.02
Apr-2010,3.97
Apr-2010,4.16
Apr-2010,4.15
Apr-2010,3.97
Apr-2010,4.04
Apr-2010,3.9
Apr-2010,3.92
Apr-2010,4.08
Apr-2010,4.16
Apr-2010,3.93
Apr-2010,3.72
Mar-2010,3.93
Mar-2010,3.79
Mar-2010,3.83
Mar-2010,3.92
Mar-2010,4.01
Mar-2010,4.02
Mar-2010,4.08
Mar-2010,4.02
Mar-2010,4.01
Mar-2010,4.19
Mar-2010,4.27
Mar-2010,4.38
Mar-2010,4.29
Mar-2010,4.35
Mar-2010,4.47
Mar-2010,4.44
Mar-2010,4.51
Mar-2010,4.47
Mar-2010,4.56
Mar-2010,4.78
Mar-2010,4.76
Mar-2010,4.78
Mar-2010,4.83
Feb-2010,4.76
Feb-2010,4.84
Feb-2010,4.91
Feb-2010,4.91
Feb-2010,4.92
Feb-2010,5.1
Feb-2010,5.4
Feb-2010,5.47
Feb-2010,5.65
Feb-2010,5.48
Feb-2010,5.53
Feb-2010,5.48
Feb-2010,5.54
Feb-2010,5.73
Feb-2010,5.61
Feb-2010,5.47
Feb-2010,5.51
Feb-2010,5.47
Feb-2010,5.3
Jan-2010,5.26
Jan-2010,5.32
Jan-2010,5.42
Jan-2010,5.61
Jan-2010,5.76
Jan-2010,5.67
Jan-2010,5.52
Jan-2010,5.54
Jan-2010,5.51
Jan-2010,5.66
Jan-2010,5.77
Jan-2010,5.61
Jan-2010,5.57
Jan-2010,5.77
Jan-2010,6.56
Jan-2010,7.51
Jan-2010,6.47
Jan-2010,6.19
Jan-2010,6.09
Dec-2009,5.82
Dec-2009,5.78
Dec-2009,6.01
Dec-2009,5.91
Dec-2009,5.75
Dec-2009,5.55
Dec-2009,5.56
Dec-2009,5.79
Dec-2009,5.87
Dec-2009,5.65
Dec-2009,5.57
Dec-2009,5.53
Dec-2009,5.41
Dec-2009,5.21
Dec-2009,5.02
Dec-2009,5.27
Dec-2009,5.1
Dec-2009,4.78
Dec-2009,4.53
Dec-2009,4.57
Dec-2009,4.67
Dec-2009,4.3
Nov-2009,4.41
Nov-2009,3.32
Nov-2009,3.32
Nov-2009,3.63
Nov-2009,3.79
Nov-2009,3.09
Nov-2009,3.57
Nov-2009,3.74
Nov-2009,3.47
Nov-2009,2.65
Nov-2009,2.51
Nov-2009,3.24
Nov-2009,3.59
Nov-2009,3.76
Nov-2009,3.78
Nov-2009,3.95
Nov-2009,4.3
Nov-2009,4.49
Nov-2009,4.33
Nov-2009,4.32
Oct-2009,4.11
Oct-2009,4.11
Oct-2009,4.59
Oct-2009,4.52
Oct-2009,4.52
Oct-2009,4.88
Oct-2009,4.98
Oct-2009,4.8
Oct-2009,4.6
Oct-2009,4.22
Oct-2009,3.94
Oct-2009,3.88
Oct-2009,3.82
Oct-2009,4.03
Oct-2009,3.96
Oct-2009,3.92
Oct-2009,4.24
Oct-2009,3.7
Oct-2009,3.23
Oct-2009,2.89
Oct-2009,2.32
Oct-2009,2.91
Sep-2009,3.25
Sep-2009,3.3
Sep-2009,3.54
Sep-2009,3.61
Sep-2009,3.56
Sep-2009,3.43
Sep-2009,3.37
Sep-2009,3.35
Sep-2009,3.21
Sep-2009,3.5
Sep-2009,3.28
Sep-2009,3.21
Sep-2009,2.84
Sep-2009,2.94
Sep-2009,2.68
Sep-2009,2.72
Sep-2009,2.43
Sep-2009,1.83
Sep-2009,2.06
Sep-2009,2.25
Sep-2009,2.36
Aug-2009,2.42
Aug-2009,2.52
Aug-2009,2.76
Aug-2009,2.76
Aug-2009,2.85
Aug-2009,2.69
Aug-2009,2.78
Aug-2009,3.03
Aug-2009,3.03
Aug-2009,3.12
Aug-2009,3.11
Aug-2009,3.18
Aug-2009,3.34
Aug-2009,3.36
Aug-2009,3.54
Aug-2009,3.55
Aug-2009,3.57
Aug-2009,3.78
Aug-2009,3.61
Aug-2009,3.53
Aug-2009,3.43
Jul-2009,3.34
Jul-2009,3.34
Jul-2009,3.41
Jul-2009,3.49
Jul-2009,3.46
Jul-2009,3.37
Jul-2009,3.66
Jul-2009,3.49
Jul-2009,3.48
Jul-2009,3.49
Jul-2009,3.39
Jul-2009,3.21
Jul-2009,3.37
Jul-2009,3.29
Jul-2009,3.17
Jul-2009,3.24
Jul-2009,3.36
Jul-2009,3.22
Jul-2009,3.3
Jul-2009,3.24
Jul-2009,3.49
Jul-2009,3.63
Jun-2009,3.72
Jun-2009,3.88
Jun-2009,3.81
Jun-2009,3.82
Jun-2009,3.8
Jun-2009,3.91
Jun-2009,4.01
Jun-2009,4.04
Jun-2009,4.19
Jun-2009,3.99
Jun-2009,4.16
Jun-2009,3.8
Jun-2009,3.54
Jun-2009,3.51
Jun-2009,3.56
Jun-2009,3.53
Jun-2009,3.53
Jun-2009,3.51
Jun-2009,3.58
Jun-2009,3.81
Jun-2009,4.05
Jun-2009,3.86
May-2009,3.92
May-2009,3.55
May-2009,3.49
May-2009,3.35
May-2009,3.41
May-2009,3.77
May-2009,3.75
May-2009,3.99
May-2009,4.02
May-2009,4.05
May-2009,4.1
May-2009,4.42
May-2009,4.41
May-2009,4.24
May-2009,4.16
May-2009,3.96
May-2009,3.67
May-2009,3.62
May-2009,3.47
May-2009,3.3
Apr-2009,3.25
Apr-2009,3.43
Apr-2009,3.29
Apr-2009,3.19
Apr-2009,3.31
Apr-2009,3.46
Apr-2009,3.48
Apr-2009,3.43
Apr-2009,3.55
Apr-2009,3.47
Apr-2009,3.54
Apr-2009,3.6
Apr-2009,3.59
Apr-2009,3.46
Apr-2009,3.59
Apr-2009,3.5
Apr-2009,3.6
Apr-2009,3.74
Apr-2009,3.66
Apr-2009,3.69
Apr-2009,3.56
Mar-2009,3.58
Mar-2009,3.63
Mar-2009,3.73
Mar-2009,4.16
Mar-2009,4.13
Mar-2009,4.13
Mar-2009,4.17
Mar-2009,3.99
Mar-2009,3.68
Mar-2009,3.75
Mar-2009,3.78
Mar-2009,3.78
Mar-2009,3.9
Mar-2009,3.87
Mar-2009,3.92
Mar-2009,3.88
Mar-2009,3.86
Mar-2009,3.93
Mar-2009,4.22
Mar-2009,4.23
Mar-2009,4.43
Mar-2009,4.36
Feb-2009,4.04
Feb-2009,4.08
Feb-2009,4.2
Feb-2009,4.21
Feb-2009,4.23
Feb-2009,4.21
Feb-2009,4.46
Feb-2009,4.35
Feb-2009,4.35
Feb-2009,4.6
Feb-2009,4.73
Feb-2009,4.68
Feb-2009,4.84
Feb-2009,4.76
Feb-2009,4.67
Feb-2009,4.84
Feb-2009,5.01
Feb-2009,5.04
Feb-2009,4.48
Jan-2009,4.77
Jan-2009,4.71
Jan-2009,4.84
Jan-2009,4.76
Jan-2009,4.62
Jan-2009,4.75
Jan-2009,4.72
Jan-2009,4.87
Jan-2009,4.86
Jan-2009,5.09
Jan-2009,5.27
Jan-2009,5.47
Jan-2009,5.7
Jan-2009,5.59
Jan-2009,5.6
Jan-2009,5.96
Jan-2009,5.89
Jan-2009,6.1
Jan-2009,5.83
Jan-2009,5.41
Dec-2008,5.63
Dec-2008,5.71
Dec-2008,5.81
Dec-2008,5.44
Dec-2008,5.44
Dec-2008,5.37
Dec-2008,5.39
Dec-2008,5.66
Dec-2008,5.63
Dec-2008,5.79
Dec-2008,5.75
Dec-2008,5.75
Dec-2008,5.56
Dec-2008,5.86
Dec-2008,5.67
Dec-2008,5.57
Dec-2008,5.73
Dec-2008,5.99
Dec-2008,6.55
Dec-2008,6.48
Dec-2008,6.68
Dec-2008,6.48
Nov-2008,6.43
Nov-2008,6.43
Nov-2008,6.71
Nov-2008,6.85
Nov-2008,6.56
Nov-2008,6.76
Nov-2008,6.76
Nov-2008,6.74
Nov-2008,6.55
Nov-2008,6.33
Nov-2008,6.31
Nov-2008,6.65
Nov-2008,7.02
Nov-2008,7.07
Nov-2008,6.6
Nov-2008,7.04
Nov-2008,6.94
Nov-2008,6.79
Nov-2008,6.45
Oct-2008,6.18
Oct-2008,6.75
Oct-2008,6.58
Oct-2008,6.4
Oct-2008,6.27
Oct-2008,6.29
Oct-2008,6.77
Oct-2008,6.94
Oct-2008,6.76
Oct-2008,6.98
Oct-2008,6.76
Oct-2008,6.65
Oct-2008,6.64
Oct-2008,6.74
Oct-2008,6.62
Oct-2008,6.52
Oct-2008,6.69
Oct-2008,6.58
Oct-2008,6.74
Oct-2008,6.87
Oct-2008,7.16
Oct-2008,7.64
Oct-2008,7.41
Sep-2008,7.17
Sep-2008,7.13
Sep-2008,7.42
Sep-2008,7.63
Sep-2008,8.15
Sep-2008,7.84
Sep-2008,7.66
Sep-2008,7.79
Sep-2008,8.26
Sep-2008,7.72
Sep-2008,7.76
Sep-2008,8.02
Sep-2008,8.02
Sep-2008,7.83
Sep-2008,7.65
Sep-2008,7.28
Sep-2008,7.68
Sep-2008,7.4
Sep-2008,7.24
Sep-2008,7.26
Sep-2008,8.24
Aug-2008,8.24
Aug-2008,8.36
Aug-2008,8.54
Aug-2008,8.02
Aug-2008,7.63
Aug-2008,7.98
Aug-2008,8.04
Aug-2008,8.02
Aug-2008,7.73
Aug-2008,7.74
Aug-2008,7.82
Aug-2008,8.15
Aug-2008,8.11
Aug-2008,8.23
Aug-2008,8.18
Aug-2008,8.22
Aug-2008,8.77
Aug-2008,8.7
Aug-2008,8.66
Aug-2008,9.2
Aug-2008,9.05
Jul-2008,9.26
Jul-2008,9.01
Jul-2008,9.17
Jul-2008,9.26
Jul-2008,9.34
Jul-2008,9.7
Jul-2008,9.88
Jul-2008,10.16
Jul-2008,10.58
Jul-2008,10.54
Jul-2008,11.43
Jul-2008,11.15
Jul-2008,11.79
Jul-2008,11.58
Jul-2008,12.15
Jul-2008,11.83
Jul-2008,12.1
Jul-2008,12.47
Jul-2008,12.96
Jul-2008,13
Jul-2008,13.31
Jul-2008,13.28
Jun-2008,13.19
Jun-2008,13.1
Jun-2008,12.7
Jun-2008,12.76
Jun-2008,12.96
Jun-2008,12.92
Jun-2008,12.76
Jun-2008,13.09
Jun-2008,12.93
Jun-2008,12.87
Jun-2008,12.73
Jun-2008,12.51
Jun-2008,12.51
Jun-2008,12.49
Jun-2008,12.72
Jun-2008,12.71
Jun-2008,12.71
Jun-2008,12.49
Jun-2008,12.17
Jun-2008,12.27
Jun-2008,11.8
May-2008,11.43
May-2008,11.81
May-2008,11.6
May-2008,11.85
May-2008,11.56
May-2008,11.57
May-2008,11.4
May-2008,10.94
May-2008,11.1
May-2008,11.31
May-2008,11.41
May-2008,11.52
May-2008,11.18
May-2008,11.38
May-2008,11.29
May-2008,11.33
May-2008,11.08
May-2008,11.09
May-2008,10.77
May-2008,10.37
May-2008,10.66
Apr-2008,10.81
Apr-2008,10.94
Apr-2008,10.95
Apr-2008,10.72
Apr-2008,10.58
Apr-2008,10.33
Apr-2008,10.56
Apr-2008,10.5
Apr-2008,10.08
Apr-2008,10.27
Apr-2008,10.11
Apr-2008,10.16
Apr-2008,10.03
Apr-2008,10.07
Apr-2008,10.18
Apr-2008,9.88
Apr-2008,9.78
Apr-2008,9.48
Apr-2008,9.36
Apr-2008,9.68
Apr-2008,9.6
Apr-2008,9.92
Mar-2008,9.86
Mar-2008,9.36
Mar-2008,9.3
Mar-2008,9.25
Mar-2008,9.28
Mar-2008,8.99
Mar-2008,8.54
Mar-2008,9.11
Mar-2008,9.1
Mar-2008,9.59
Mar-2008,9.84
Mar-2008,9.74
Mar-2008,9.69
Mar-2008,9.85
Mar-2008,9.59
Mar-2008,9.82
Mar-2008,9.7
Mar-2008,9.37
Mar-2008,9.21
Mar-2008,9.07
Feb-2008,9.1
Feb-2008,9.11
Feb-2008,9.21
Feb-2008,9.21
Feb-2008,9.15
Feb-2008,8.65
Feb-2008,8.9
Feb-2008,9.08
Feb-2008,8.91
Feb-2008,8.73
Feb-2008,8.5
Feb-2008,8.35
Feb-2008,8.37
Feb-2008,8.38
Feb-2008,8.06
Feb-2008,7.99
Feb-2008,7.94
Feb-2008,7.8
Feb-2008,7.56
Feb-2008,7.88
Jan-2008,8.1
Jan-2008,8.17
Jan-2008,8.1
Jan-2008,7.87
Jan-2008,7.8
Jan-2008,7.85
Jan-2008,7.84
Jan-2008,7.97
Jan-2008,8.42
Jan-2008,8.1
Jan-2008,8.23
Jan-2008,8.43
Jan-2008,8.45
Jan-2008,8.13
Jan-2008,7.96
Jan-2008,7.89
Jan-2008,7.59
Jan-2008,7.61
Jan-2008,7.51
Jan-2008,7.84
Jan-2008,7.83
Dec-2007,7.11
Dec-2007,7.11
Dec-2007,6.8
Dec-2007,6.94
Dec-2007,7.03
Dec-2007,7.03
Dec-2007,7.19
Dec-2007,7.18
Dec-2007,7.16
Dec-2007,7.06
Dec-2007,7.09
Dec-2007,7.46
Dec-2007,7.22
Dec-2007,7.12
Dec-2007,6.98
Dec-2007,7.04
Dec-2007,7.29
Dec-2007,7.04
Dec-2007,7.27
Dec-2007,6.97
Nov-2007,7.29
Nov-2007,7.45
Nov-2007,7.51
Nov-2007,7.42
Nov-2007,7.53
Nov-2007,6.67
Nov-2007,6.67
Nov-2007,6.81
Nov-2007,7.38
Nov-2007,7.29
Nov-2007,7.35
Nov-2007,7.28
Nov-2007,7.22
Nov-2007,6.83
Nov-2007,6.59
Nov-2007,6.81
Nov-2007,7.42
Nov-2007,7.2
Nov-2007,6.71
Nov-2007,6.63
Nov-2007,7.09
Oct-2007,7.28
Oct-2007,6.99
Oct-2007,6.66
Oct-2007,6.43
Oct-2007,6.49
Oct-2007,6.11
Oct-2007,6.3
Oct-2007,6.63
Oct-2007,6.91
Oct-2007,7.11
Oct-2007,7.12
Oct-2007,7.29
Oct-2007,7.09
Oct-2007,6.46
Oct-2007,6.85
Oct-2007,6.79
Oct-2007,6.63
Oct-2007,6.69
Oct-2007,6.77
Oct-2007,6.91
Oct-2007,6.96
Oct-2007,6.55
Oct-2007,6.07
Sep-2007,6.15
Sep-2007,6.38
Sep-2007,6.47
Sep-2007,6.54
Sep-2007,6.12
Sep-2007,5.96
Sep-2007,6.02
Sep-2007,6.25
Sep-2007,6.42
Sep-2007,6.38
Sep-2007,6.23
Sep-2007,6.27
Sep-2007,6.13
Sep-2007,5.98
Sep-2007,5.56
Sep-2007,5.53
Sep-2007,6.02
Sep-2007,5.8
Sep-2007,5.3
Aug-2007,5.49
Aug-2007,5.54
Aug-2007,5.64
Aug-2007,5.56
Aug-2007,5.34
Aug-2007,5.69
Aug-2007,5.73
Aug-2007,5.84
Aug-2007,5.92
Aug-2007,6.47
Aug-2007,7.14
Aug-2007,6.96
Aug-2007,7.3
Aug-2007,6.86
Aug-2007,7.15
Aug-2007,6.57
Aug-2007,6.45
Aug-2007,6.24
Aug-2007,6.38
Aug-2007,6.1
Aug-2007,6.11
Aug-2007,6.34
Aug-2007,6.19
Jul-2007,6.53
Jul-2007,6.31
Jul-2007,5.77
Jul-2007,5.83
Jul-2007,5.56
Jul-2007,5.66
Jul-2007,6
Jul-2007,6.46
Jul-2007,6.5
Jul-2007,6.23
Jul-2007,6.34
Jul-2007,6.32
Jul-2007,6.27
Jul-2007,6.26
Jul-2007,6.66
Jul-2007,6.44
Jul-2007,6.39
Jul-2007,6.15
Jul-2007,6.3
Jul-2007,6.37
Jul-2007,6.24
Jun-2007,6.4
Jun-2007,6.79
Jun-2007,6.74
Jun-2007,6.85
Jun-2007,6.77
Jun-2007,7.04
Jun-2007,7.24
Jun-2007,7.39
Jun-2007,7.46
Jun-2007,7.69
Jun-2007,7.58
Jun-2007,7.48
Jun-2007,7.6
Jun-2007,7.45
Jun-2007,7.42
Jun-2007,7.52
Jun-2007,7.89
Jun-2007,7.83
Jun-2007,7.83
Jun-2007,7.73
Jun-2007,7.57
May-2007,7.8
May-2007,7.71
May-2007,7.51
May-2007,7.47
May-2007,7.56
May-2007,7.51
May-2007,7.6
May-2007,7.66
May-2007,7.87
May-2007,7.69
May-2007,7.62
May-2007,7.68
May-2007,7.85
May-2007,7.53
May-2007,7.63
May-2007,7.46
May-2007,7.5
May-2007,7.69
May-2007,7.82
May-2007,7.58
May-2007,7.64
May-2007,7.64
Apr-2007,7.71
Apr-2007,7.44
Apr-2007,7.56
Apr-2007,7.6
Apr-2007,7.57
Apr-2007,7.24
Apr-2007,7.32
Apr-2007,7.54
Apr-2007,7.54
Apr-2007,7.5
Apr-2007,7.66
Apr-2007,7.93
Apr-2007,7.95
Apr-2007,7.97
Apr-2007,7.65
Apr-2007,7.65
Apr-2007,7.53
Apr-2007,7.46
Apr-2007,7.57
Apr-2007,7.62
Mar-2007,7.5
Mar-2007,7.34
Mar-2007,7.47
Mar-2007,7.15
Mar-2007,7.15
Mar-2007,7.16
Mar-2007,7.07
Mar-2007,6.82
Mar-2007,6.81
Mar-2007,6.7
Mar-2007,6.84
Mar-2007,7.02
Mar-2007,6.86
Mar-2007,6.78
Mar-2007,6.81
Mar-2007,7.05
Mar-2007,7.14
Mar-2007,7.5
Mar-2007,7.55
Mar-2007,7.36
Mar-2007,7.22
Mar-2007,7.07
Feb-2007,7.23
Feb-2007,7.44
Feb-2007,7.73
Feb-2007,7.53
Feb-2007,7.47
Feb-2007,7.51
Feb-2007,7.34
Feb-2007,8.45
Feb-2007,8.91
Feb-2007,8.9
Feb-2007,8.09
Feb-2007,7.78
Feb-2007,8.16
Feb-2007,8.06
Feb-2007,7.9
Feb-2007,8.29
Feb-2007,9.14
Feb-2007,8.17
Feb-2007,7.93
Jan-2007,7.76
Jan-2007,7.32
Jan-2007,7.35
Jan-2007,6.95
Jan-2007,7.18
Jan-2007,7.58
Jan-2007,7.53
Jan-2007,7.2
Jan-2007,6.4
Jan-2007,6.29
Jan-2007,6.57
Jan-2007,6.82
Jan-2007,5.97
Jan-2007,6.09
Jan-2007,6.42
Jan-2007,6.15
Jan-2007,6.02
Jan-2007,5.52
Jan-2007,5.6
Jan-2007,5.47
Jan-2007,5.4
Dec-2006,5.5
Dec-2006,5.63
Dec-2006,5.54
Dec-2006,5.72
Dec-2006,5.88
Dec-2006,6.09
Dec-2006,6.43
Dec-2006,6.27
Dec-2006,6.62
Dec-2006,6.82
Dec-2006,7.26
Dec-2006,7.21
Dec-2006,6.93
Dec-2006,6.81
Dec-2006,7.45
Dec-2006,7.61
Dec-2006,7.32
Dec-2006,7.32
Dec-2006,7.84
Dec-2006,8.42
Nov-2006,8.32
Nov-2006,7.74
Nov-2006,7.61
Nov-2006,7.58
Nov-2006,7.42
Nov-2006,7.57
Nov-2006,7.79
Nov-2006,7.23
Nov-2006,7.59
Nov-2006,7.45
Nov-2006,7.42
Nov-2006,7.26
Nov-2006,7.16
Nov-2006,7.35
Nov-2006,7.39
Nov-2006,6.59
Nov-2006,6.72
Nov-2006,7.43
Nov-2006,7.32
Nov-2006,7.15
Oct-2006,6.64
Oct-2006,6.99
Oct-2006,7.41
Oct-2006,7.91
Oct-2006,7.2
Oct-2006,7.13
Oct-2006,7.29
Oct-2006,6.88
Oct-2006,6.77
Oct-2006,6.07
Oct-2006,6.26
Oct-2006,5.13
Oct-2006,4.3
Oct-2006,5.17
Oct-2006,5.66
Oct-2006,5.16
Oct-2006,5.06
Oct-2006,4.41
Oct-2006,4.69
Oct-2006,4.38
Oct-2006,4.01
Oct-2006,4.11
Sep-2006,3.66
Sep-2006,4.15
Sep-2006,4.35
Sep-2006,4.36
Sep-2006,4.31
Sep-2006,4.47
Sep-2006,4.65
Sep-2006,4.87
Sep-2006,4.99
Sep-2006,5.02
Sep-2006,4.4
Sep-2006,5.09
Sep-2006,5.4
Sep-2006,5.57
Sep-2006,5.29
Sep-2006,5.31
Sep-2006,5.64
Sep-2006,5.7
Sep-2006,5.45
Sep-2006,5.24
Aug-2006,5.8
Aug-2006,6.4
Aug-2006,6.24
Aug-2006,6.51
Aug-2006,7.48
Aug-2006,7.22
Aug-2006,7.19
Aug-2006,6.86
Aug-2006,6.72
Aug-2006,6.66
Aug-2006,6.73
Aug-2006,7.01
Aug-2006,6.9
Aug-2006,6.89
Aug-2006,7.56
Aug-2006,7.95
Aug-2006,7.6
Aug-2006,7.06
Aug-2006,6.97
Aug-2006,7.44
Aug-2006,7.61
Aug-2006,8.65
Aug-2006,8.66
Jul-2006,8.04
Jul-2006,7.24
Jul-2006,7.03
Jul-2006,6.71
Jul-2006,6.78
Jul-2006,6.33
Jul-2006,5.9
Jul-2006,6.14
Jul-2006,5.89
Jul-2006,6.02
Jul-2006,6.27
Jul-2006,6.28
Jul-2006,5.92
Jul-2006,5.66
Jul-2006,5.51
Jul-2006,5.32
Jul-2006,5.18
Jul-2006,5.28
Jul-2006,5.7
Jun-2006,5.84
Jun-2006,6.09
Jun-2006,6.04
Jun-2006,5.97
Jun-2006,5.89
Jun-2006,6.14
Jun-2006,6.51
Jun-2006,6.5
Jun-2006,6.62
Jun-2006,6.71
Jun-2006,7.03
Jun-2006,6.43
Jun-2006,6.08
Jun-2006,5.95
Jun-2006,6.02
Jun-2006,6.1
Jun-2006,5.84
Jun-2006,5.82
Jun-2006,6.16
Jun-2006,6.4
Jun-2006,6.23
Jun-2006,6.25
May-2006,5.97
May-2006,6.2
May-2006,5.78
May-2006,5.85
May-2006,6.01
May-2006,6.27
May-2006,5.91
May-2006,5.77
May-2006,5.79
May-2006,6.15
May-2006,5.99
May-2006,5.92
May-2006,6.35
May-2006,6.8
May-2006,6.5
May-2006,6.55
May-2006,6.54
May-2006,6.8
May-2006,6.47
May-2006,6.56
May-2006,6.68
May-2006,6.53
Apr-2006,6.64
Apr-2006,6.94
Apr-2006,7.17
Apr-2006,7.37
Apr-2006,7.73
Apr-2006,7.65
Apr-2006,7.95
Apr-2006,7.72
Apr-2006,7.6
Apr-2006,7.22
Apr-2006,6.64
Apr-2006,6.78
Apr-2006,6.99
Apr-2006,6.83
Apr-2006,6.81
Apr-2006,7.06
Apr-2006,6.89
Apr-2006,7.04
Apr-2006,7.08
Mar-2006,6.98
Mar-2006,7.19
Mar-2006,7.16
Mar-2006,7.15
Mar-2006,7.05
Mar-2006,7.43
Mar-2006,7.16
Mar-2006,7.06
Mar-2006,6.83
Mar-2006,7
Mar-2006,7.17
Mar-2006,7.12
Mar-2006,7.1
Mar-2006,7.15
Mar-2006,6.77
Mar-2006,6.4
Mar-2006,6.31
Mar-2006,6.47
Mar-2006,6.53
Mar-2006,6.5
Mar-2006,6.59
Mar-2006,6.69
Mar-2006,6.62
Feb-2006,6.69
Feb-2006,6.97
Feb-2006,7.39
Feb-2006,7.23
Feb-2006,7.55
Feb-2006,7.4
Feb-2006,7.39
Feb-2006,7.16
Feb-2006,7.31
Feb-2006,7.03
Feb-2006,7.36
Feb-2006,7.57
Feb-2006,7.55
Feb-2006,7.88
Feb-2006,7.74
Feb-2006,8.24
Feb-2006,8.01
Feb-2006,8.01
Feb-2006,8.71
Jan-2006,8.73
Jan-2006,8.36
Jan-2006,8.19
Jan-2006,7.86
Jan-2006,8.5
Jan-2006,8.27
Jan-2006,8.29
Jan-2006,8.8
Jan-2006,8.21
Jan-2006,8.86
Jan-2006,8.82
Jan-2006,8.5
Jan-2006,8.7
Jan-2006,8.55
Jan-2006,8.6
Jan-2006,8.79
Jan-2006,9.3
Jan-2006,9.24
Jan-2006,9.25
Jan-2006,9.9
Dec-2005,9.52
Dec-2005,10.07
Dec-2005,9.9
Dec-2005,10.22
Dec-2005,11.17
Dec-2005,13.03
Dec-2005,13.56
Dec-2005,13.79
Dec-2005,13.73
Dec-2005,13.36
Dec-2005,14.07
Dec-2005,14.81
Dec-2005,15.39
Dec-2005,14.82
Dec-2005,15.02
Dec-2005,14.25
Dec-2005,13.95
Dec-2005,13.57
Dec-2005,14.27
Dec-2005,12.95
Dec-2005,12.58
Nov-2005,11.73
Nov-2005,11.17
Nov-2005,11.01
Nov-2005,11.02
Nov-2005,11.15
Nov-2005,10.48
Nov-2005,10.01
Nov-2005,11.92
Nov-2005,11.03
Nov-2005,9.21
Nov-2005,9.15
Nov-2005,9.2
Nov-2005,9.66
Nov-2005,9.31
Nov-2005,9.15
Nov-2005,8.77
Nov-2005,9.67
Nov-2005,10.79
Nov-2005,10.85
Nov-2005,10.8
Oct-2005,12.18
Oct-2005,13.1
Oct-2005,13.9
Oct-2005,14.68
Oct-2005,13.9
Oct-2005,12.95
Oct-2005,12.73
Oct-2005,13.24
Oct-2005,13.52
Oct-2005,13.41
Oct-2005,13.89
Oct-2005,12.8
Oct-2005,13.48
Oct-2005,13.77
Oct-2005,13.67
Oct-2005,13.29
Oct-2005,13.67
Sep-2005,14.84
Sep-2005,14.26
Sep-2005,12.76
Sep-2005,11.99
Sep-2005,11.25
Sep-2005,11.24
Sep-2005,10.8
Sep-2005,10.71
Sep-2005,10.68
Sep-2005,11.03
Sep-2005,10.92
Sep-2005,11.03
Sep-2005,11.56
Sep-2005,11.75
Sep-2005,11.36
Aug-2005,12.69
Aug-2005,12.36
Aug-2005,9.86
Aug-2005,9.86
Aug-2005,9.77
Aug-2005,10.02
Aug-2005,9.96
Aug-2005,9.44
Aug-2005,9.09
Aug-2005,9.38
Aug-2005,9.99
Aug-2005,9.66
Aug-2005,9.53
Aug-2005,9.59
Aug-2005,9.29
Aug-2005,8.82
Aug-2005,8.7
Aug-2005,8.93
Aug-2005,8.6
Aug-2005,8.55
Aug-2005,8.75
Aug-2005,8.38
Aug-2005,8.03
Jul-2005,7.76
Jul-2005,7.69
Jul-2005,7.52
Jul-2005,7.45
Jul-2005,7.38
Jul-2005,7.41
Jul-2005,7.64
Jul-2005,7.75
Jul-2005,7.7
Jul-2005,7.77
Jul-2005,8.02
Jul-2005,7.99
Jul-2005,7.78
Jul-2005,7.79
Jul-2005,7.35
Jul-2005,7.87
Jul-2005,7.62
Jul-2005,7.69
Jul-2005,7.38
Jul-2005,7.01
Jun-2005,7.01
Jun-2005,7.08
Jun-2005,7.04
Jun-2005,7.29
Jun-2005,7.45
Jun-2005,7.51
Jun-2005,7.39
Jun-2005,7.46
Jun-2005,7.8
Jun-2005,7.61
Jun-2005,7.41
Jun-2005,7.39
Jun-2005,7.32
Jun-2005,7.08
Jun-2005,7.09
Jun-2005,7.05
Jun-2005,7.22
Jun-2005,7.13
Jun-2005,7.05
Jun-2005,6.65
Jun-2005,6.63
Jun-2005,6.36
May-2005,6.31
May-2005,6.22
May-2005,6.3
May-2005,6.33
May-2005,6.45
May-2005,6.33
May-2005,6.36
May-2005,6.39
May-2005,6.5
May-2005,6.41
May-2005,6.45
May-2005,6.47
May-2005,6.62
May-2005,6.63
May-2005,6.67
May-2005,6.56
May-2005,6.67
May-2005,6.65
May-2005,6.49
May-2005,6.61
May-2005,6.5
Apr-2005,6.64
Apr-2005,6.67
Apr-2005,7.1
Apr-2005,7.08
Apr-2005,7.27
Apr-2005,7.06
Apr-2005,6.93
Apr-2005,7.1
Apr-2005,6.95
Apr-2005,6.95
Apr-2005,6.95
Apr-2005,7.02
Apr-2005,7.07
Apr-2005,7.34
Apr-2005,7.17
Apr-2005,7.26
Apr-2005,7.5
Apr-2005,7.46
Apr-2005,7.44
Apr-2005,7.8
Apr-2005,7.57
Mar-2005,7.46
Mar-2005,7.18
Mar-2005,6.93
Mar-2005,6.94
Mar-2005,7.07
Mar-2005,7.11
Mar-2005,7.24
Mar-2005,7.16
Mar-2005,7.12
Mar-2005,7.25
Mar-2005,7.08
Mar-2005,7.16
Mar-2005,6.86
Mar-2005,6.73
Mar-2005,6.91
Mar-2005,6.99
Mar-2005,6.81
Mar-2005,6.66
Mar-2005,6.51
Mar-2005,6.71
Mar-2005,6.61
Mar-2005,6.63
Feb-2005,6.62
Feb-2005,6.24
Feb-2005,6.33
Feb-2005,6.02
Feb-2005,5.92
Feb-2005,5.88
Feb-2005,6.05
Feb-2005,6.1
Feb-2005,6.01
Feb-2005,5.95
Feb-2005,6.02
Feb-2005,6.21
Feb-2005,6.2
Feb-2005,5.95
Feb-2005,6.02
Feb-2005,6.12
Feb-2005,6.32
Feb-2005,6.38
Feb-2005,6.28
Jan-2005,6.14
Jan-2005,6.23
Jan-2005,6.5
Jan-2005,6.44
Jan-2005,6.44
Jan-2005,6.41
Jan-2005,6.43
Jan-2005,6.27
Jan-2005,6.19
Jan-2005,6.69
Jan-2005,6.45
Jan-2005,6.06
Jan-2005,5.89
Jan-2005,5.96
Jan-2005,6.21
Jan-2005,5.82
Jan-2005,5.79
Jan-2005,5.84
Jan-2005,5.71
Jan-2005,5.53
Dec-2004,6.02
Dec-2004,6.18
Dec-2004,6.27
Dec-2004,6.57
Dec-2004,6.98
Dec-2004,7.05
Dec-2004,6.83
Dec-2004,7.14
Dec-2004,7.26
Dec-2004,6.88
Dec-2004,7.04
Dec-2004,7.1
Dec-2004,6.89
Dec-2004,6.29
Dec-2004,6.04
Dec-2004,5.98
Dec-2004,6.03
Dec-2004,6.05
Dec-2004,6.04
Dec-2004,6.69
Dec-2004,6.78
Nov-2004,6.79
Nov-2004,6.76
Nov-2004,5.01
Nov-2004,5.24
Nov-2004,5.24
Nov-2004,4.81
Nov-2004,5.59
Nov-2004,6.06
Nov-2004,6.57
Nov-2004,6.02
Nov-2004,5.9
Nov-2004,6.19
Nov-2004,6.12
Nov-2004,5.79
Nov-2004,6.62
Nov-2004,6.08
Nov-2004,7.4
Nov-2004,7.25
Nov-2004,6.88
Nov-2004,6.98
Oct-2004,6.43
Oct-2004,6.8
Oct-2004,8.12
Oct-2004,7.78
Oct-2004,7.75
Oct-2004,7.11
Oct-2004,7.35
Oct-2004,7.27
Oct-2004,6.13
Oct-2004,5.64
Oct-2004,5.64
Oct-2004,5.76
Oct-2004,5.38
Oct-2004,5.63
Oct-2004,5.63
Oct-2004,5.59
Oct-2004,6.24
Oct-2004,6
Oct-2004,6.07
Oct-2004,5.72
Oct-2004,5.38
Sep-2004,6.36
Sep-2004,6.26
Sep-2004,5.45
Sep-2004,5.22
Sep-2004,5.41
Sep-2004,5.58
Sep-2004,5.58
Sep-2004,5.43
Sep-2004,5.22
Sep-2004,4.95
Sep-2004,4.82
Sep-2004,5.17
Sep-2004,5.15
Sep-2004,5.12
Sep-2004,4.57
Sep-2004,4.57
Sep-2004,4.69
Sep-2004,4.41
Sep-2004,4.32
Sep-2004,4.75
Sep-2004,5.02
Aug-2004,5.04
Aug-2004,5.05
Aug-2004,5.05
Aug-2004,5.19
Aug-2004,5.32
Aug-2004,5.23
Aug-2004,5.34
Aug-2004,5.39
Aug-2004,5.34
Aug-2004,5.36
Aug-2004,5.27
Aug-2004,5.34
Aug-2004,5.27
Aug-2004,5.46
Aug-2004,5.64
Aug-2004,5.78
Aug-2004,5.58
Aug-2004,5.42
Aug-2004,5.54
Aug-2004,5.7
Aug-2004,5.77
Aug-2004,5.86
Jul-2004,6.03
Jul-2004,5.93
Jul-2004,5.77
Jul-2004,5.87
Jul-2004,5.94
Jul-2004,5.98
Jul-2004,5.85
Jul-2004,5.9
Jul-2004,5.8
Jul-2004,5.75
Jul-2004,5.77
Jul-2004,5.92
Jul-2004,5.91
Jul-2004,5.85
Jul-2004,5.95
Jul-2004,5.89
Jul-2004,6.19
Jul-2004,6.27
Jul-2004,6.16
Jul-2004,5.88
Jul-2004,5.95
Jun-2004,6.03
Jun-2004,6.02
Jun-2004,6.13
Jun-2004,6.28
Jun-2004,6.41
Jun-2004,6.3
Jun-2004,6.29
Jun-2004,6.42
Jun-2004,6.48
Jun-2004,6.57
Jun-2004,6.38
Jun-2004,6.35
Jun-2004,6.15
Jun-2004,6
Jun-2004,6.04
Jun-2004,6.19
Jun-2004,6.09
Jun-2004,6.15
Jun-2004,6.44
Jun-2004,6.51
Jun-2004,6.45
May-2004,6.45
May-2004,6.51
May-2004,6.7
May-2004,6.73
May-2004,6.48
May-2004,6.35
May-2004,6.44
May-2004,6.18
May-2004,6.28
May-2004,6.41
May-2004,6.43
May-2004,6.42
May-2004,6.41
May-2004,6.24
May-2004,6.14
May-2004,6.18
May-2004,6.22
May-2004,6.09
May-2004,6.21
May-2004,5.8
Apr-2004,5.81
Apr-2004,5.78
Apr-2004,5.8
Apr-2004,5.81
Apr-2004,5.6
Apr-2004,5.53
Apr-2004,5.59
Apr-2004,5.52
Apr-2004,5.46
Apr-2004,5.57
Apr-2004,5.62
Apr-2004,5.68
Apr-2004,5.73
Apr-2004,5.92
Apr-2004,5.85
Apr-2004,5.84
Apr-2004,5.76
Apr-2004,5.7
Apr-2004,5.81
Apr-2004,5.69
Apr-2004,5.82
Mar-2004,5.63
Mar-2004,5.4
Mar-2004,5.25
Mar-2004,5.16
Mar-2004,5.22
Mar-2004,5.35
Mar-2004,5.36
Mar-2004,5.46
Mar-2004,5.49
Mar-2004,5.63
Mar-2004,5.61
Mar-2004,5.6
Mar-2004,5.59
Mar-2004,5.52
Mar-2004,5.33
Mar-2004,5.33
Mar-2004,5.34
Mar-2004,5.42
Mar-2004,5.32
Mar-2004,5.17
Mar-2004,5.34
Mar-2004,5.37
Mar-2004,5.17
Feb-2004,5.27
Feb-2004,5.13
Feb-2004,5.1
Feb-2004,5.08
Feb-2004,5.1
Feb-2004,5.19
Feb-2004,5.28
Feb-2004,5.33
Feb-2004,5.43
Feb-2004,5.62
Feb-2004,5.35
Feb-2004,5.34
Feb-2004,5.49
Feb-2004,5.44
Feb-2004,5.38
Feb-2004,5.54
Feb-2004,5.74
Feb-2004,5.69
Feb-2004,5.51
Jan-2004,5.8
Jan-2004,5.99
Jan-2004,6.04
Jan-2004,5.87
Jan-2004,5.7
Jan-2004,5.82
Jan-2004,6.03
Jan-2004,6.26
Jan-2004,6.15
Jan-2004,5.43
Jan-2004,6.02
Jan-2004,5.73
Jan-2004,6.26
Jan-2004,6.29
Jan-2004,6.91
Jan-2004,6.41
Jan-2004,6.61
Jan-2004,7.04
Jan-2004,6.28
Dec-2003,5.76
Dec-2003,5.96
Dec-2003,5.46
Dec-2003,5.5
Dec-2003,5.58
Dec-2003,6.32
Dec-2003,6.92
Dec-2003,6.98
Dec-2003,6.56
Dec-2003,6.58
Dec-2003,6.63
Dec-2003,6.73
Dec-2003,6.56
Dec-2003,6.67
Dec-2003,6.52
Dec-2003,6.06
Dec-2003,6.27
Dec-2003,5.7
Dec-2003,5.45
Dec-2003,5.45
Dec-2003,5.02
Nov-2003,4.86
Nov-2003,4.49
Nov-2003,4.57
Nov-2003,4.15
Nov-2003,4.35
Nov-2003,4.46
Nov-2003,4.35
Nov-2003,4.49
Nov-2003,4.62
Nov-2003,4.6
Nov-2003,4.77
Nov-2003,4.52
Nov-2003,4.42
Nov-2003,4.48
Nov-2003,4.74
Nov-2003,4.46
Nov-2003,4.01
Nov-2003,4.12
Oct-2003,3.98
Oct-2003,4.4
Oct-2003,4.51
Oct-2003,4.45
Oct-2003,4.56
Oct-2003,4.78
Oct-2003,4.9
Oct-2003,4.89
Oct-2003,4.64
Oct-2003,4.3
Oct-2003,4.53
Oct-2003,4.92
Oct-2003,4.93
Oct-2003,4.84
Oct-2003,4.96
Oct-2003,4.92
Oct-2003,4.78
Oct-2003,4.84
Oct-2003,4.66
Oct-2003,4.4
Oct-2003,4.34
Oct-2003,4.42
Oct-2003,4.47
Sep-2003,4.66
Sep-2003,4.57
Sep-2003,4.42
Sep-2003,4.55
Sep-2003,4.58
Sep-2003,4.51
Sep-2003,4.38
Sep-2003,4.33
Sep-2003,4.52
Sep-2003,4.61
Sep-2003,4.67
Sep-2003,4.66
Sep-2003,4.66
Sep-2003,4.85
Sep-2003,4.78
Sep-2003,4.7
Sep-2003,4.82
Sep-2003,4.76
Sep-2003,4.7
Sep-2003,4.68
Sep-2003,4.62
Aug-2003,4.86
Aug-2003,4.94
Aug-2003,5.11
Aug-2003,5.09
Aug-2003,5.26
Aug-2003,5.24
Aug-2003,5.14
Aug-2003,5.03
Aug-2003,4.99
Aug-2003,4.94
Aug-2003,4.83
Aug-2003,5.1
Aug-2003,5.17
Aug-2003,5.06
Aug-2003,5.08
Aug-2003,5.02
Aug-2003,4.85
Aug-2003,4.74
Aug-2003,4.71
Aug-2003,4.81
Aug-2003,4.71
Jul-2003,4.63
Jul-2003,4.68
Jul-2003,4.72
Jul-2003,4.68
Jul-2003,4.68
Jul-2003,4.86
Jul-2003,4.88
Jul-2003,5.04
Jul-2003,5.11
Jul-2003,5.01
Jul-2003,4.96
Jul-2003,5
Jul-2003,5.17
Jul-2003,5.15
Jul-2003,5.22
Jul-2003,5.4
Jul-2003,5.56
Jul-2003,5.4
Jul-2003,5.2
Jul-2003,4.96
Jul-2003,5.05
Jul-2003,5.22
Jun-2003,5.31
Jun-2003,5.19
Jun-2003,5.49
Jun-2003,5.64
Jun-2003,5.84
Jun-2003,5.89
Jun-2003,5.68
Jun-2003,5.53
Jun-2003,5.53
Jun-2003,5.66
Jun-2003,5.45
Jun-2003,5.44
Jun-2003,5.86
Jun-2003,6.06
Jun-2003,6.08
Jun-2003,6.25
Jun-2003,6.25
Jun-2003,6.17
Jun-2003,6.4
Jun-2003,6.25
Jun-2003,6.22
May-2003,5.99
May-2003,5.76
May-2003,5.71
May-2003,5.84
May-2003,5.92
May-2003,6.09
May-2003,6.08
May-2003,5.93
May-2003,6.08
May-2003,5.96
May-2003,6.24
May-2003,6.17
May-2003,5.98
May-2003,5.91
May-2003,5.73
May-2003,5.65
May-2003,5.49
May-2003,5.64
May-2003,5.36
May-2003,5.24
May-2003,5.32
Apr-2003,5.25
Apr-2003,5.12
Apr-2003,5.3
Apr-2003,5.39
Apr-2003,5.46
Apr-2003,5.58
Apr-2003,5.58
Apr-2003,5.55
Apr-2003,5.54
Apr-2003,5.62
Apr-2003,5.53
Apr-2003,5.29
Apr-2003,5.28
Apr-2003,5.18
Apr-2003,5.11
Apr-2003,5.21
Apr-2003,4.98
Apr-2003,4.86
Apr-2003,4.91
Apr-2003,4.89
Apr-2003,4.9
Mar-2003,5.01
Mar-2003,5.06
Mar-2003,4.87
Mar-2003,4.9
Mar-2003,5.07
Mar-2003,5.07
Mar-2003,5.05
Mar-2003,5.2
Mar-2003,5.2
Mar-2003,5.13
Mar-2003,5.32
Mar-2003,5.17
Mar-2003,5.71
Mar-2003,5.8
Mar-2003,6.25
Mar-2003,6.78
Mar-2003,7.42
Mar-2003,7.57
Mar-2003,7.8
Mar-2003,7.71
Mar-2003,8.51
Feb-2003,10.81
Feb-2003,8.42
Feb-2003,10.47
Feb-2003,18.48
Feb-2003,11.98
Feb-2003,6.73
Feb-2003,6.38
Feb-2003,6.1
Feb-2003,6.09
Feb-2003,5.88
Feb-2003,5.81
Feb-2003,6.19
Feb-2003,6.19
Feb-2003,6.35
Feb-2003,6.3
Feb-2003,6.08
Feb-2003,6.22
Feb-2003,6.26
Feb-2003,5.71
Jan-2003,5.58
Jan-2003,5.76
Jan-2003,5.61
Jan-2003,5.52
Jan-2003,5.91
Jan-2003,5.91
Jan-2003,6.55
Jan-2003,5.72
Jan-2003,5.47
Jan-2003,5.66
Jan-2003,5.5
Jan-2003,5.21
Jan-2003,5.25
Jan-2003,5.23
Jan-2003,5.19
Jan-2003,5.05
Jan-2003,5.07
Jan-2003,4.89
Jan-2003,4.94
Jan-2003,5.13
Jan-2003,4.93
Dec-2002,4.59
Dec-2002,4.74
Dec-2002,4.81
Dec-2002,4.98
Dec-2002,5.03
Dec-2002,5.03
Dec-2002,5.05
Dec-2002,5.14
Dec-2002,4.98
Dec-2002,5.13
Dec-2002,5.31
Dec-2002,5.05
Dec-2002,4.81
Dec-2002,4.63
Dec-2002,4.4
Dec-2002,4.32
Dec-2002,4.39
Dec-2002,4.35
Dec-2002,4.24
Dec-2002,4.35
Dec-2002,4.23
Nov-2002,4.19
Nov-2002,4.23
Nov-2002,4.34
Nov-2002,4.32
Nov-2002,4.24
Nov-2002,4.27
Nov-2002,4.25
Nov-2002,4.18
Nov-2002,3.92
Nov-2002,3.9
Nov-2002,3.83
Nov-2002,3.83
Nov-2002,3.83
Nov-2002,3.76
Nov-2002,3.9
Nov-2002,3.92
Nov-2002,3.9
Nov-2002,3.94
Nov-2002,4.07
Oct-2002,4.39
Oct-2002,4.34
Oct-2002,4.2
Oct-2002,4.16
Oct-2002,4.12
Oct-2002,4.3
Oct-2002,4.24
Oct-2002,4.2
Oct-2002,4.23
Oct-2002,4.11
Oct-2002,4.1
Oct-2002,4.1
Oct-2002,4.19
Oct-2002,4.19
Oct-2002,3.8
Oct-2002,3.93
Oct-2002,3.91
Oct-2002,3.86
Oct-2002,3.77
Oct-2002,3.86
Oct-2002,4.23
Oct-2002,4.27
Oct-2002,4.41
Sep-2002,4.09
Sep-2002,3.76
Sep-2002,3.61
Sep-2002,3.76
Sep-2002,4
Sep-2002,3.87
Sep-2002,3.95
Sep-2002,3.9
Sep-2002,3.8
Sep-2002,3.46
Sep-2002,3.45
Sep-2002,3.37
Sep-2002,3.22
Sep-2002,3.33
Sep-2002,3.35
Sep-2002,3.24
Sep-2002,3.39
Sep-2002,3.2
Sep-2002,3.13
Sep-2002,3.1
Aug-2002,3.12
Aug-2002,3.25
Aug-2002,3.31
Aug-2002,3.47
Aug-2002,3.51
Aug-2002,3.48
Aug-2002,3.36
Aug-2002,3.22
Aug-2002,3.25
Aug-2002,3.1
Aug-2002,3.1
Aug-2002,2.92
Aug-2002,3.03
Aug-2002,3.01
Aug-2002,2.91
Aug-2002,2.83
Aug-2002,2.75
Aug-2002,2.73
Aug-2002,2.8
Aug-2002,2.81
Aug-2002,2.9
Aug-2002,3.07
Jul-2002,3.02
Jul-2002,2.97
Jul-2002,3.07
Jul-2002,2.94
Jul-2002,3.05
Jul-2002,2.91
Jul-2002,2.95
Jul-2002,3.01
Jul-2002,2.95
Jul-2002,2.85
Jul-2002,2.97
Jul-2002,2.89
Jul-2002,2.83
Jul-2002,2.87
Jul-2002,2.85
Jul-2002,3.04
Jul-2002,2.97
Jul-2002,3.06
Jul-2002,3.08
Jul-2002,3.17
Jul-2002,3.28
Jun-2002,3.2
Jun-2002,3.22
Jun-2002,3.92
Jun-2002,3.49
Jun-2002,3.33
Jun-2002,3.18
Jun-2002,3.33
Jun-2002,3.24
Jun-2002,3.23
Jun-2002,3.34
Jun-2002,3.13
Jun-2002,3.04
Jun-2002,3.15
Jun-2002,3.11
Jun-2002,3.14
Jun-2002,3.11
Jun-2002,3.29
Jun-2002,3.29
Jun-2002,3.31
Jun-2002,3.18
May-2002,3.15
May-2002,3.33
May-2002,3.3
May-2002,3.18
May-2002,3.21
May-2002,3.38
May-2002,3.39
May-2002,3.33
May-2002,3.44
May-2002,3.41
May-2002,3.45
May-2002,3.6
May-2002,3.75
May-2002,3.62
May-2002,3.7
May-2002,3.72
May-2002,3.74
May-2002,3.5
May-2002,3.61
May-2002,3.71
May-2002,3.65
May-2002,3.79
Apr-2002,3.65
Apr-2002,3.44
Apr-2002,3.32
Apr-2002,3.46
Apr-2002,3.53
Apr-2002,3.63
Apr-2002,3.58
Apr-2002,3.4
Apr-2002,3.5
Apr-2002,3.4
Apr-2002,3.44
Apr-2002,3.27
Apr-2002,3.07
Apr-2002,3.14
Apr-2002,3.25
Apr-2002,3.25
Apr-2002,3.36
Apr-2002,3.31
Apr-2002,3.56
Apr-2002,3.68
Apr-2002,3.72
Apr-2002,3.43
Mar-2002,3.18
Mar-2002,3.35
Mar-2002,3.59
Mar-2002,3.46
Mar-2002,3.57
Mar-2002,3.2
Mar-2002,3.29
Mar-2002,3.33
Mar-2002,3.15
Mar-2002,2.99
Mar-2002,2.78
Mar-2002,2.97
Mar-2002,2.94
Mar-2002,2.9
Mar-2002,2.82
Mar-2002,2.73
Mar-2002,2.52
Mar-2002,2.63
Mar-2002,2.66
Mar-2002,2.51
Feb-2002,2.49
Feb-2002,2.49
Feb-2002,2.46
Feb-2002,2.4
Feb-2002,2.4
Feb-2002,2.4
Feb-2002,2.41
Feb-2002,2.32
Feb-2002,2.18
Feb-2002,2.26
Feb-2002,2.37
Feb-2002,2.39
Feb-2002,2.22
Feb-2002,2.21
Feb-2002,2.17
Feb-2002,2.14
Feb-2002,2.28
Feb-2002,2.28
Feb-2002,2.28
Jan-2002,2.28
Jan-2002,2.28
Jan-2002,2.03
Jan-2002,2.03
Jan-2002,2.03
Jan-2002,2.13
Jan-2002,2.28
Jan-2002,2.28
Jan-2002,2.28
Jan-2002,2.4
Jan-2002,2.38
Jan-2002,2.32
Jan-2002,2.32
Jan-2002,2.32
Jan-2002,2.32
Jan-2002,2.31
Jan-2002,2.39
Jan-2002,2.58
Jan-2002,2.58
Jan-2002,2.58
Jan-2002,2.55
Dec-2001,2.4
Dec-2001,2.4
Dec-2001,2.4
Dec-2001,2.4
Dec-2001,2.4
Dec-2001,2.4
Dec-2001,2.4
Dec-2001,2.4
Dec-2001,2.4
Dec-2001,2.4
Dec-2001,2.4
Dec-2001,2.57
Dec-2001,2.58
Dec-2001,2.28
Dec-2001,2.11
Dec-2001,1.81
Dec-2001,1.89
Dec-2001,2
Dec-2001,2.1
Nov-2001,1.83
Nov-2001,2.19
Nov-2001,2.3
Nov-2001,1.87
Nov-2001,1.79
Nov-2001,1.91
Nov-2001,2.55
Nov-2001,2.08
Nov-2001,1.69
Nov-2001,1.99
Nov-2001,2.29
Nov-2001,2.38
Nov-2001,2.45
Nov-2001,2.61
Nov-2001,2.68
Nov-2001,2.73
Nov-2001,2.72
Nov-2001,2.87
Nov-2001,2.93
Nov-2001,2.99
Oct-2001,3.07
Oct-2001,3.11
Oct-2001,3.21
Oct-2001,3.06
Oct-2001,3.15
Oct-2001,2.67
Oct-2001,2.82
Oct-2001,2.61
Oct-2001,2.31
Oct-2001,2.39
Oct-2001,2.61
Oct-2001,2.51
Oct-2001,2.26
Oct-2001,2.28
Oct-2001,2.41
Oct-2001,2.22
Oct-2001,2.11
Oct-2001,2.02
Oct-2001,2.11
Oct-2001,2.13
Oct-2001,1.97
Oct-2001,1.83
Oct-2001,1.74
Sep-2001,1.8
Sep-2001,1.9
Sep-2001,1.88
Sep-2001,1.94
Sep-2001,1.99
Sep-2001,2.04
Sep-2001,2.06
Sep-2001,2.13
Sep-2001,2.18
Sep-2001,2.36
Sep-2001,2.41
Sep-2001,2.39
Sep-2001,2.44
Sep-2001,2.38
Sep-2001,2.38
Sep-2001,2.36
Sep-2001,2.43
Sep-2001,2.34
Sep-2001,2.23
Aug-2001,2.15
Aug-2001,2.47
Aug-2001,2.46
Aug-2001,2.57
Aug-2001,2.61
Aug-2001,2.77
Aug-2001,2.87
Aug-2001,3.2
Aug-2001,3.18
Aug-2001,3.17
Aug-2001,3.24
Aug-2001,3.46
Aug-2001,3.15
Aug-2001,3.05
Aug-2001,3
Aug-2001,2.99
Aug-2001,3.1
Aug-2001,3.11
Aug-2001,3.16
Aug-2001,3.07
Aug-2001,3.06
Aug-2001,3.15
Aug-2001,3.27
Jul-2001,3.31
Jul-2001,3.28
Jul-2001,3.06
Jul-2001,3.26
Jul-2001,3.06
Jul-2001,3
Jul-2001,3.02
Jul-2001,2.97
Jul-2001,3.01
Jul-2001,3.15
Jul-2001,3.14
Jul-2001,3.08
Jul-2001,3.15
Jul-2001,3.29
Jul-2001,3.21
Jul-2001,3.2
Jul-2001,3.1
Jul-2001,2.99
Jul-2001,3.09
Jul-2001,3
Jul-2001,2.92
Jun-2001,2.91
Jun-2001,3.2
Jun-2001,3.39
Jun-2001,3.46
Jun-2001,3.56
Jun-2001,3.68
Jun-2001,3.69
Jun-2001,3.83
Jun-2001,3.96
Jun-2001,3.91
Jun-2001,3.86
Jun-2001,3.92
Jun-2001,4.13
Jun-2001,4.05
Jun-2001,3.91
Jun-2001,3.62
Jun-2001,3.68
Jun-2001,3.76
Jun-2001,3.93
Jun-2001,3.98
Jun-2001,3.7
May-2001,3.73
May-2001,3.66
May-2001,3.86
May-2001,3.83
May-2001,4.12
May-2001,4.11
May-2001,4.04
May-2001,4.14
May-2001,4.15
May-2001,4.2
May-2001,4.46
May-2001,4.46
May-2001,4.28
May-2001,4.25
May-2001,4.17
May-2001,4.15
May-2001,4.22
May-2001,4.33
May-2001,4.5
May-2001,4.46
May-2001,4.54
May-2001,4.55
Apr-2001,4.73
Apr-2001,4.83
Apr-2001,4.92
Apr-2001,4.98
Apr-2001,5.13
Apr-2001,5.09
Apr-2001,5
Apr-2001,5.06
Apr-2001,5.15
Apr-2001,5.36
Apr-2001,5.48
Apr-2001,5.32
Apr-2001,5.45
Apr-2001,5.55
Apr-2001,5.45
Apr-2001,5.33
Apr-2001,5.27
Apr-2001,5.24
Apr-2001,5.25
Apr-2001,5.25
Mar-2001,5.35
Mar-2001,5.31
Mar-2001,5.6
Mar-2001,5.47
Mar-2001,5.23
Mar-2001,5.16
Mar-2001,5.16
Mar-2001,5.16
Mar-2001,5.27
Mar-2001,5.27
Mar-2001,5.27
Mar-2001,5.27
Mar-2001,4.99
Mar-2001,5.08
Mar-2001,4.98
Mar-2001,5.13
Mar-2001,5.25
Mar-2001,5.22
Mar-2001,5.27
Mar-2001,5.32
Mar-2001,5.06
Mar-2001,5.25
Feb-2001,5.25
Feb-2001,5.07
Feb-2001,5.07
Feb-2001,5.05
Feb-2001,5.11
Feb-2001,5.2
Feb-2001,5.17
Feb-2001,5.57
Feb-2001,5.35
Feb-2001,5.89
Feb-2001,5.58
Feb-2001,5.74
Feb-2001,6.24
Feb-2001,6.24
Feb-2001,5.67
Feb-2001,5.59
Feb-2001,6.15
Feb-2001,6.76
Feb-2001,5.82
Jan-2001,5.83
Jan-2001,5.96
Jan-2001,6.76
Jan-2001,7
Jan-2001,6.81
Jan-2001,6.81
Jan-2001,7.02
Jan-2001,7.7
Jan-2001,7.61
Jan-2001,7.09
Jan-2001,7.85
Jan-2001,8.16
Jan-2001,8.75
Jan-2001,8.95
Jan-2001,9.91
Jan-2001,9.95
Jan-2001,10.31
Jan-2001,10.03
Jan-2001,9.45
Jan-2001,9.71
Jan-2001,9.97
Dec-2000,10.48
Dec-2000,9.22
Dec-2000,9.58
Dec-2000,10.23
Dec-2000,10.48
Dec-2000,10.49
Dec-2000,9.95
Dec-2000,9.11
Dec-2000,9.28
Dec-2000,8.03
Dec-2000,7.48
Dec-2000,7.8
Dec-2000,8.58
Dec-2000,9.96
Dec-2000,8.13
Dec-2000,8.48
Dec-2000,8.75
Dec-2000,8.03
Dec-2000,7.41
Dec-2000,6.53
Nov-2000,6.31
Nov-2000,5.93
Nov-2000,5.9
Nov-2000,6.24
Nov-2000,6.3
Nov-2000,6.35
Nov-2000,6.23
Nov-2000,5.62
Nov-2000,5.94
Nov-2000,5.95
Nov-2000,5.81
Nov-2000,5.59
Nov-2000,5.24
Nov-2000,5.34
Nov-2000,4.92
Nov-2000,4.68
Nov-2000,4.6
Nov-2000,4.64
Nov-2000,4.5
Nov-2000,4.4
Oct-2000,4.37
Oct-2000,4.56
Oct-2000,4.48
Oct-2000,4.61
Oct-2000,4.64
Oct-2000,4.84
Oct-2000,4.82
Oct-2000,4.84
Oct-2000,5.04
Oct-2000,5.36
Oct-2000,5.27
Oct-2000,5.34
Oct-2000,5.43
Oct-2000,5.54
Oct-2000,5.1
Oct-2000,5.16
Oct-2000,5.09
Oct-2000,5.04
Oct-2000,5.21
Oct-2000,5.22
Oct-2000,5.29
Oct-2000,5.24
Sep-2000,5.1
Sep-2000,5.2
Sep-2000,5.34
Sep-2000,5.28
Sep-2000,5.12
Sep-2000,5.16
Sep-2000,5.16
Sep-2000,5.24
Sep-2000,5.22
Sep-2000,5.06
Sep-2000,5.28
Sep-2000,5.1
Sep-2000,5.06
Sep-2000,4.96
Sep-2000,4.85
Sep-2000,4.74
Sep-2000,4.85
Sep-2000,4.89
Sep-2000,4.81
Sep-2000,4.7
Aug-2000,4.76
Aug-2000,4.61
Aug-2000,4.6
Aug-2000,4.62
Aug-2000,4.55
Aug-2000,4.53
Aug-2000,4.67
Aug-2000,4.8
Aug-2000,4.6
Aug-2000,4.38
Aug-2000,4.35
Aug-2000,4.24
Aug-2000,4.24
Aug-2000,4.42
Aug-2000,4.44
Aug-2000,4.43
Aug-2000,4.48
Aug-2000,4.46
Aug-2000,4.39
Aug-2000,4.25
Aug-2000,4.23
Aug-2000,4.05
Aug-2000,3.78
Jul-2000,3.75
Jul-2000,3.89
Jul-2000,3.75
Jul-2000,3.59
Jul-2000,3.63
Jul-2000,3.74
Jul-2000,3.88
Jul-2000,3.86
Jul-2000,4.07
Jul-2000,3.99
Jul-2000,4.13
Jul-2000,4.17
Jul-2000,4.08
Jul-2000,4.29
Jul-2000,4.17
Jul-2000,4.19
Jul-2000,4
Jul-2000,4.02
Jul-2000,4.24
Jul-2000,4.36
Jun-2000,4.36
Jun-2000,4.25
Jun-2000,4.44
Jun-2000,4.55
Jun-2000,4.37
Jun-2000,4.42
Jun-2000,4.44
Jun-2000,4.14
Jun-2000,4.02
Jun-2000,4.38
Jun-2000,4.45
Jun-2000,4.38
Jun-2000,4.16
Jun-2000,4.27
Jun-2000,4.22
Jun-2000,4.14
Jun-2000,3.96
Jun-2000,4.23
Jun-2000,4.48
Jun-2000,4.17
Jun-2000,4.21
Jun-2000,4.39
May-2000,4.52
May-2000,4.35
May-2000,4.29
May-2000,4.18
May-2000,3.94
May-2000,3.85
May-2000,3.95
May-2000,3.76
May-2000,3.73
May-2000,3.49
May-2000,3.45
May-2000,3.37
May-2000,3.35
May-2000,3.37
May-2000,3.2
May-2000,3.25
May-2000,3.12
May-2000,3.11
May-2000,3.09
May-2000,3.18
May-2000,3.2
May-2000,3.16
Apr-2000,3.09
Apr-2000,3.06
Apr-2000,3.12
Apr-2000,3.18
Apr-2000,3.12
Apr-2000,3.07
Apr-2000,3.12
Apr-2000,3.12
Apr-2000,3.13
Apr-2000,3.11
Apr-2000,3.05
Apr-2000,3.05
Apr-2000,2.98
Apr-2000,2.97
Apr-2000,2.99
Apr-2000,2.98
Apr-2000,2.86
Apr-2000,2.87
Apr-2000,2.92
Mar-2000,2.88
Mar-2000,2.83
Mar-2000,2.92
Mar-2000,2.94
Mar-2000,2.82
Mar-2000,2.82
Mar-2000,2.76
Mar-2000,2.78
Mar-2000,2.74
Mar-2000,2.73
Mar-2000,2.81
Mar-2000,2.84
Mar-2000,2.76
Mar-2000,2.83
Mar-2000,2.79
Mar-2000,2.69
Mar-2000,2.74
Mar-2000,2.78
Mar-2000,2.76
Mar-2000,2.72
Mar-2000,2.8
Mar-2000,2.71
Feb-2000,2.65
Feb-2000,2.6
Feb-2000,2.51
Feb-2000,2.52
Feb-2000,2.5
Feb-2000,2.55
Feb-2000,2.65
Feb-2000,2.66
Feb-2000,2.65
Feb-2000,2.61
Feb-2000,2.61
Feb-2000,2.65
Feb-2000,2.65
Feb-2000,2.62
Feb-2000,2.6
Feb-2000,2.81
Feb-2000,2.78
Feb-2000,2.85
Feb-2000,2.91
Feb-2000,2.81
Jan-2000,2.69
Jan-2000,2.84
Jan-2000,2.76
Jan-2000,2.73
Jan-2000,2.66
Jan-2000,2.55
Jan-2000,2.55
Jan-2000,2.53
Jan-2000,2.4
Jan-2000,2.35
Jan-2000,2.28
Jan-2000,2.29
Jan-2000,2.25
Jan-2000,2.23
Jan-2000,2.2
Jan-2000,2.19
Jan-2000,2.18
Jan-2000,2.17
Jan-2000,2.16
Dec-1999,2.3
Dec-1999,2.34
Dec-1999,2.32
Dec-1999,2.36
Dec-1999,2.42
Dec-1999,2.45
Dec-1999,2.59
Dec-1999,2.67
Dec-1999,2.55
Dec-1999,2.52
Dec-1999,2.54
Dec-1999,2.49
Dec-1999,2.35
Dec-1999,2.27
Dec-1999,2.2
Dec-1999,2.23
Dec-1999,2.16
Dec-1999,2.19
Dec-1999,2.16
Dec-1999,2.18
Dec-1999,2.17
Nov-1999,2.22
Nov-1999,2.25
Nov-1999,1.96
Nov-1999,1.99
Nov-1999,2.05
Nov-1999,2.16
Nov-1999,2.22
Nov-1999,2.24
Nov-1999,2.23
Nov-1999,2.33
Nov-1999,2.16
Nov-1999,2.38
Nov-1999,2.39
Nov-1999,2.44
Nov-1999,2.59
Nov-1999,2.62
Nov-1999,2.75
Nov-1999,2.82
Nov-1999,2.81
Nov-1999,2.73
Oct-1999,2.76
Oct-1999,2.97
Oct-1999,3.02
Oct-1999,2.96
Oct-1999,2.98
Oct-1999,3
Oct-1999,2.99
Oct-1999,2.9
Oct-1999,2.89
Oct-1999,2.82
Oct-1999,2.66
Oct-1999,2.7
Oct-1999,2.81
Oct-1999,2.65
Oct-1999,2.53
Oct-1999,2.35
Oct-1999,2.49
Oct-1999,2.48
Oct-1999,2.45
Oct-1999,2.49
Oct-1999,2.39
Sep-1999,2.31
Sep-1999,2.57
Sep-1999,2.52
Sep-1999,2.51
Sep-1999,2.54
Sep-1999,2.45
Sep-1999,2.3
Sep-1999,2.33
Sep-1999,2.49
Sep-1999,2.45
Sep-1999,2.47
Sep-1999,2.52
Sep-1999,2.66
Sep-1999,2.8
Sep-1999,2.84
Sep-1999,2.75
Sep-1999,2.66
Sep-1999,2.56
Sep-1999,2.47
Sep-1999,2.56
Sep-1999,2.71
Aug-1999,2.84
Aug-1999,2.85
Aug-1999,2.87
Aug-1999,2.97
Aug-1999,3.1
Aug-1999,3.01
Aug-1999,2.95
Aug-1999,2.97
Aug-1999,2.87
Aug-1999,2.75
Aug-1999,2.7
Aug-1999,2.73
Aug-1999,2.71
Aug-1999,2.73
Aug-1999,2.79
Aug-1999,2.77
Aug-1999,2.73
Aug-1999,2.69
Aug-1999,2.69
Aug-1999,2.64
Aug-1999,2.61
Aug-1999,2.51
Jul-1999,2.55
Jul-1999,2.67
Jul-1999,2.58
Jul-1999,2.55
Jul-1999,2.55
Jul-1999,2.42
Jul-1999,2.32
Jul-1999,2.25
Jul-1999,2.24
Jul-1999,2.2
Jul-1999,2.18
Jul-1999,2.12
Jul-1999,2.16
Jul-1999,2.14
Jul-1999,2.12
Jul-1999,2.17
Jul-1999,2.19
Jul-1999,2.2
Jul-1999,2.29
Jul-1999,2.26
Jul-1999,2.29
Jun-1999,2.34
Jun-1999,2.33
Jun-1999,2.25
Jun-1999,2.27
Jun-1999,2.26
Jun-1999,2.25
Jun-1999,2.23
Jun-1999,2.22
Jun-1999,2.24
Jun-1999,2.24
Jun-1999,2.28
Jun-1999,2.28
Jun-1999,2.29
Jun-1999,2.3
Jun-1999,2.37
Jun-1999,2.39
Jun-1999,2.38
Jun-1999,2.41
Jun-1999,2.31
Jun-1999,2.35
Jun-1999,2.36
Jun-1999,2.34
May-1999,2.29
May-1999,2.27
May-1999,2.22
May-1999,2.18
May-1999,2.19
May-1999,2.21
May-1999,2.26
May-1999,2.27
May-1999,2.3
May-1999,2.31
May-1999,2.28
May-1999,2.21
May-1999,2.19
May-1999,2.29
May-1999,2.25
May-1999,2.25
May-1999,2.32
May-1999,2.36
May-1999,2.32
May-1999,2.23
Apr-1999,2.25
Apr-1999,2.37
Apr-1999,2.31
Apr-1999,2.32
Apr-1999,2.23
Apr-1999,2.23
Apr-1999,2.24
Apr-1999,2.17
Apr-1999,2.18
Apr-1999,2.1
Apr-1999,2.14
Apr-1999,2.14
Apr-1999,2.11
Apr-1999,2.14
Apr-1999,2.06
Apr-1999,2.1
Apr-1999,2.07
Apr-1999,2.03
Apr-1999,1.98
Apr-1999,2.03
Apr-1999,1.95
Mar-1999,2.02
Mar-1999,1.89
Mar-1999,1.8
Mar-1999,1.83
Mar-1999,1.8
Mar-1999,1.79
Mar-1999,1.8
Mar-1999,1.74
Mar-1999,1.73
Mar-1999,1.75
Mar-1999,1.75
Mar-1999,1.75
Mar-1999,1.75
Mar-1999,1.81
Mar-1999,1.87
Mar-1999,1.94
Mar-1999,1.86
Mar-1999,1.87
Mar-1999,1.74
Mar-1999,1.72
Mar-1999,1.68
Mar-1999,1.67
Mar-1999,1.65
Feb-1999,1.63
Feb-1999,1.64
Feb-1999,1.73
Feb-1999,1.75
Feb-1999,1.77
Feb-1999,1.79
Feb-1999,1.8
Feb-1999,1.79
Feb-1999,1.79
Feb-1999,1.82
Feb-1999,1.78
Feb-1999,1.8
Feb-1999,1.82
Feb-1999,1.81
Feb-1999,1.81
Feb-1999,1.79
Feb-1999,1.8
Feb-1999,1.78
Feb-1999,1.75
Jan-1999,1.83
Jan-1999,1.75
Jan-1999,1.75
Jan-1999,1.73
Jan-1999,1.76
Jan-1999,1.82
Jan-1999,1.85
Jan-1999,1.81
Jan-1999,1.77
Jan-1999,1.78
Jan-1999,1.77
Jan-1999,1.87
Jan-1999,1.82
Jan-1999,1.83
Jan-1999,1.9
Jan-1999,1.91
Jan-1999,2.04
Jan-1999,2.05
Jan-1999,2.1
Dec-1998,1.95
Dec-1998,1.81
Dec-1998,1.82
Dec-1998,1.79
Dec-1998,1.89
Dec-1998,1.88
Dec-1998,1.96
Dec-1998,2.05
Dec-1998,2.02
Dec-1998,2.02
Dec-1998,1.95
Dec-1998,1.86
Dec-1998,1.8
Dec-1998,1.55
Dec-1998,1.59
Dec-1998,1.64
Dec-1998,1.79
Dec-1998,1.44
Dec-1998,1.05
Dec-1998,1.21
Dec-1998,1.4
Dec-1998,1.41
Nov-1998,1.63
Nov-1998,2.13
Nov-1998,2.08
Nov-1998,2.02
Nov-1998,2.07
Nov-1998,2.1
Nov-1998,2.1
Nov-1998,2.12
Nov-1998,2.19
Nov-1998,2.21
Nov-1998,2.21
Nov-1998,2.33
Nov-1998,2.3
Nov-1998,2.28
Nov-1998,2.25
Nov-1998,2.26
Nov-1998,2.11
Nov-1998,2.1
Nov-1998,1.84
Oct-1998,2
Oct-1998,2
Oct-1998,1.7
Oct-1998,1.85
Oct-1998,1.92
Oct-1998,1.84
Oct-1998,1.95
Oct-1998,2.04
Oct-1998,1.95
Oct-1998,1.74
Oct-1998,1.64
Oct-1998,1.75
Oct-1998,1.8
Oct-1998,1.7
Oct-1998,1.75
Oct-1998,1.8
Oct-1998,2.02
Oct-1998,2.05
Oct-1998,2.01
Oct-1998,2.09
Oct-1998,2.14
Oct-1998,2.33
Sep-1998,2.22
Sep-1998,2.06
Sep-1998,2.23
Sep-1998,2.38
Sep-1998,2.17
Sep-1998,2.19
Sep-1998,2.29
Sep-1998,2.18
Sep-1998,2.27
Sep-1998,2.12
Sep-1998,2.15
Sep-1998,1.94
Sep-1998,1.86
Sep-1998,1.86
Sep-1998,1.88
Sep-1998,1.78
Sep-1998,1.81
Sep-1998,1.71
Sep-1998,1.71
Sep-1998,1.72
Sep-1998,1.84
Aug-1998,1.61
Aug-1998,1.66
Aug-1998,1.76
Aug-1998,1.83
Aug-1998,1.89
Aug-1998,1.9
Aug-1998,1.93
Aug-1998,1.9
Aug-1998,1.96
Aug-1998,1.94
Aug-1998,1.93
Aug-1998,1.83
Aug-1998,1.83
Aug-1998,1.85
Aug-1998,1.87
Aug-1998,1.87
Aug-1998,1.82
Aug-1998,1.85
Aug-1998,1.91
Aug-1998,1.9
Aug-1998,1.84
Jul-1998,1.85
Jul-1998,1.95
Jul-1998,1.99
Jul-1998,1.97
Jul-1998,2
Jul-1998,1.97
Jul-1998,2
Jul-1998,2
Jul-1998,2.09
Jul-1998,2.18
Jul-1998,2.15
Jul-1998,2.15
Jul-1998,2.21
Jul-1998,2.23
Jul-1998,2.3
Jul-1998,2.32
Jul-1998,2.38
Jul-1998,2.39
Jul-1998,2.35
Jul-1998,2.38
Jul-1998,2.36
Jul-1998,2.46
Jun-1998,2.39
Jun-1998,2.36
Jun-1998,2.4
Jun-1998,2.39
Jun-1998,2.4
Jun-1998,2.35
Jun-1998,2.35
Jun-1998,2.2
Jun-1998,2.14
Jun-1998,2.05
Jun-1998,2.1
Jun-1998,2.08
Jun-1998,2.01
Jun-1998,1.99
Jun-1998,1.98
Jun-1998,2.01
Jun-1998,2
Jun-1998,2.01
Jun-1998,2.04
Jun-1998,2.13
Jun-1998,2.2
Jun-1998,2.1
May-1998,2.1
May-1998,2.04
May-1998,2.1
May-1998,2.1
May-1998,2.02
May-1998,2.11
May-1998,2.18
May-1998,2.17
May-1998,2.19
May-1998,2.18
May-1998,2.18
May-1998,2.24
May-1998,2.23
May-1998,2.19
May-1998,2.11
May-1998,2.16
May-1998,2.12
May-1998,2.19
May-1998,2.1
May-1998,2.11
Apr-1998,2.18
Apr-1998,2.29
Apr-1998,2.27
Apr-1998,2.29
Apr-1998,2.31
Apr-1998,2.35
Apr-1998,2.46
Apr-1998,2.46
Apr-1998,2.4
Apr-1998,2.4
Apr-1998,2.48
Apr-1998,2.48
Apr-1998,2.42
Apr-1998,2.52
Apr-1998,2.61
Apr-1998,2.65
Apr-1998,2.51
Apr-1998,2.51
Apr-1998,2.51
Apr-1998,2.43
Apr-1998,2.45
Mar-1998,2.34
Mar-1998,2.32
Mar-1998,2.26
Mar-1998,2.29
Mar-1998,2.33
Mar-1998,2.29
Mar-1998,2.33
Mar-1998,2.28
Mar-1998,2.25
Mar-1998,2.21
Mar-1998,2.2
Mar-1998,2.2
Mar-1998,2.21
Mar-1998,2.23
Mar-1998,2.25
Mar-1998,2.25
Mar-1998,2.17
Mar-1998,2.1
Mar-1998,2.12
Mar-1998,2.19
Mar-1998,2.24
Mar-1998,2.26
Feb-1998,2.23
Feb-1998,2.28
Feb-1998,2.21
Feb-1998,2.19
Feb-1998,2.2
Feb-1998,2.2
Feb-1998,2.22
Feb-1998,2.19
Feb-1998,2.18
Feb-1998,2.22
Feb-1998,2.2
Feb-1998,2.21
Feb-1998,2.18
Feb-1998,2.25
Feb-1998,2.35
Feb-1998,2.31
Feb-1998,2.23
Feb-1998,2.27
Feb-1998,2.23
Jan-1998,2.09
Jan-1998,2.07
Jan-1998,2.09
Jan-1998,2.06
Jan-1998,2.09
Jan-1998,2.14
Jan-1998,2.1
Jan-1998,2.09
Jan-1998,2.12
Jan-1998,2.11
Jan-1998,2.07
Jan-1998,2.05
Jan-1998,2.03
Jan-1998,2.01
Jan-1998,2.09
Jan-1998,2.11
Jan-1998,2.13
Jan-1998,2.16
Jan-1998,2.05
Jan-1998,2.16
Dec-1997,2.27
Dec-1997,2.27
Dec-1997,2.33
Dec-1997,2.18
Dec-1997,2.06
Dec-1997,2.24
Dec-1997,2.36
Dec-1997,2.39
Dec-1997,2.37
Dec-1997,2.38
Dec-1997,2.29
Dec-1997,2.25
Dec-1997,2.3
Dec-1997,2.3
Dec-1997,2.45
Dec-1997,2.35
Dec-1997,2.3
Dec-1997,2.42
Dec-1997,2.48
Dec-1997,2.53
Dec-1997,2.61
Dec-1997,2.52
Nov-1997,2.5
Nov-1997,2.51
Nov-1997,2.63
Nov-1997,2.59
Nov-1997,2.77
Nov-1997,2.97
Nov-1997,3
Nov-1997,3.1
Nov-1997,3.25
Nov-1997,3.27
Nov-1997,3.28
Nov-1997,3.26
Nov-1997,3.2
Nov-1997,3.05
Nov-1997,3.2
Nov-1997,3.18
Nov-1997,3.15
Nov-1997,3.23
Oct-1997,3.22
Oct-1997,3.34
Oct-1997,3.45
Oct-1997,3.61
Oct-1997,3.46
Oct-1997,3.29
Oct-1997,3.34
Oct-1997,3.24
Oct-1997,3.13
Oct-1997,3.05
Oct-1997,2.97
Oct-1997,2.94
Oct-1997,2.84
Oct-1997,2.84
Oct-1997,2.87
Oct-1997,2.78
Oct-1997,2.8
Oct-1997,2.8
Oct-1997,2.81
Oct-1997,2.96
Oct-1997,2.91
Oct-1997,2.97
Oct-1997,3.08
Sep-1997,2.96
Sep-1997,3.09
Sep-1997,3.24
Sep-1997,3.05
Sep-1997,3.03
Sep-1997,3.09
Sep-1997,2.98
Sep-1997,2.94
Sep-1997,2.84
Sep-1997,2.75
Sep-1997,2.83
Sep-1997,2.88
Sep-1997,2.86
Sep-1997,2.78
Sep-1997,2.74
Sep-1997,2.74
Sep-1997,2.67
Sep-1997,2.67
Sep-1997,2.73
Sep-1997,2.86
Sep-1997,2.82
Aug-1997,2.69
Aug-1997,2.57
Aug-1997,2.51
Aug-1997,2.58
Aug-1997,2.53
Aug-1997,2.47
Aug-1997,2.45
Aug-1997,2.62
Aug-1997,2.61
Aug-1997,2.56
Aug-1997,2.53
Aug-1997,2.57
Aug-1997,2.45
Aug-1997,2.56
Aug-1997,2.53
Aug-1997,2.38
Aug-1997,2.5
Aug-1997,2.38
Aug-1997,2.33
Aug-1997,2.26
Aug-1997,2.24
Jul-1997,2.23
Jul-1997,2.19
Jul-1997,2.23
Jul-1997,2.19
Jul-1997,2.22
Jul-1997,2.24
Jul-1997,2.2
Jul-1997,2.18
Jul-1997,2.17
Jul-1997,2.26
Jul-1997,2.29
Jul-1997,2.24
Jul-1997,2.21
Jul-1997,2.18
Jul-1997,2.16
Jul-1997,2.15
Jul-1997,2.16
Jul-1997,2.13
Jul-1997,2.13
Jul-1997,2.11
Jul-1997,2.14
Jul-1997,2.16
Jun-1997,2.17
Jun-1997,2.17
Jun-1997,2.23
Jun-1997,2.32
Jun-1997,2.32
Jun-1997,2.29
Jun-1997,2.25
Jun-1997,2.23
Jun-1997,2.22
Jun-1997,2.2
Jun-1997,2.2
Jun-1997,2.15
Jun-1997,2.14
Jun-1997,2.16
Jun-1997,2.16
Jun-1997,2.19
Jun-1997,2.19
Jun-1997,2.18
Jun-1997,2.19
Jun-1997,2.11
Jun-1997,2.2
May-1997,2.23
May-1997,2.29
May-1997,2.34
May-1997,2.29
May-1997,2.2
May-1997,2.22
May-1997,2.21
May-1997,2.22
May-1997,2.25
May-1997,2.19
May-1997,2.25
May-1997,2.22
May-1997,2.18
May-1997,2.27
May-1997,2.3
May-1997,2.33
May-1997,2.34
May-1997,2.25
May-1997,2.23
May-1997,2.21
May-1997,2.19
Apr-1997,2.16
Apr-1997,2.09
Apr-1997,2.1
Apr-1997,2.16
Apr-1997,2.11
Apr-1997,2.22
Apr-1997,2.1
Apr-1997,2.09
Apr-1997,2.1
Apr-1997,2.08
Apr-1997,2.02
Apr-1997,2
Apr-1997,2
Apr-1997,1.98
Apr-1997,1.97
Apr-1997,1.96
Apr-1997,2.01
Apr-1997,1.99
Apr-1997,1.91
Apr-1997,1.87
Apr-1997,1.85
Apr-1997,1.95
Mar-1997,1.84
Mar-1997,1.84
Mar-1997,1.85
Mar-1997,1.85
Mar-1997,1.8
Mar-1997,1.87
Mar-1997,1.88
Mar-1997,1.88
Mar-1997,1.91
Mar-1997,2.01
Mar-1997,1.97
Mar-1997,1.98
Mar-1997,1.96
Mar-1997,1.92
Mar-1997,1.95
Mar-1997,1.89
Mar-1997,1.82
Mar-1997,1.92
Mar-1997,1.87
Mar-1997,1.8
Feb-1997,1.78
Feb-1997,1.8
Feb-1997,1.81
Feb-1997,1.77
Feb-1997,1.92
Feb-1997,1.92
Feb-1997,1.92
Feb-1997,1.95
Feb-1997,1.84
Feb-1997,2.12
Feb-1997,2.22
Feb-1997,2.42
Feb-1997,2.34
Feb-1997,2.42
Feb-1997,2.39
Feb-1997,2.51
Feb-1997,2.65
Feb-1997,2.59
Feb-1997,2.49
Jan-1997,2.77
Jan-1997,2.86
Jan-1997,2.91
Jan-1997,3.05
Jan-1997,2.98
Jan-1997,2.62
Jan-1997,2.96
Jan-1997,3.05
Jan-1997,2.99
Jan-1997,3.26
Jan-1997,3.91
Jan-1997,4.71
Jan-1997,4.34
Jan-1997,4.01
Jan-1997,4
Jan-1997,3.92
Jan-1997,3.61
Jan-1997,3.8
Jan-1997,3.82
